ISO-10303-21;
HEADER;
FILE_DESCRIPTION((''),'2;1');
FILE_NAME('top', '2025-12-15T06:06:18', (''), (''), 'ImageToStl.com STEP Converter','', '');
FILE_SCHEMA(('AUTOMOTIVE_DESIGN_CC2'));
ENDSEC;
DATA;
#1=PRODUCT_DEFINITION_CONTEXT('',#4,'design');
#2=APPLICATION_PROTOCOL_DEFINITION('INTERNATIONAL STANDARD','automotive_design',1994,#4);
#3=(GEOMETRIC_REPRESENTATION_CONTEXT(3)GLOBAL_UNCERTAINTY_ASSIGNED_CONTEXT((#5))GLOBAL_UNIT_ASSIGNED_CONTEXT((#6,#7,#8))REPRESENTATION_CONTEXT('NONE','WORKSPACE'));
#4=APPLICATION_CONTEXT(' ');
#5=UNCERTAINTY_MEASURE_WITH_UNIT(LENGTH_MEASURE(1.0E-006),#6,'','');
#6=(CONVERSION_BASED_UNIT('METRE',#10)LENGTH_UNIT()NAMED_UNIT(#11));
#7=(NAMED_UNIT(#12)PLANE_ANGLE_UNIT()SI_UNIT($,.RADIAN.));
#8=(NAMED_UNIT(#12)SOLID_ANGLE_UNIT()SI_UNIT($,.STERADIAN.));
#9=AXIS2_PLACEMENT_3D('',#14,#15,#16);
#10=LENGTH_MEASURE_WITH_UNIT(LENGTH_MEASURE(1.0),#17);
#11=DIMENSIONAL_EXPONENTS(1.0,0.0,0.0,0.0,0.0,0.0,0.0);
#12=DIMENSIONAL_EXPONENTS(0.0,0.0,0.0,0.0,0.0,0.0,0.0);
#13=PRODUCT_CONTEXT('',#4,'mechanical');
#14=CARTESIAN_POINT('',(0.0,0.0,0.0));
#15=DIRECTION('',(0.0,0.0,1.0));
#16=DIRECTION('',(1.0,0.0,0.0));
#17=(NAMED_UNIT(#11)LENGTH_UNIT()SI_UNIT(.MILLI.,.METRE.));
#18=PRESENTATION_STYLE_ASSIGNMENT((#19));
#19=SURFACE_STYLE_USAGE(.BOTH.,#20);
#20=SURFACE_SIDE_STYLE('',(#21));
#21=SURFACE_STYLE_FILL_AREA(#22);
#22=FILL_AREA_STYLE('',(#23));
#23=FILL_AREA_STYLE_COLOUR('',#24);
#24=COLOUR_RGB('',0.85,0.85,0.85);
#25=SHAPE_DEFINITION_REPRESENTATION(#26,#27);
#26=PRODUCT_DEFINITION_SHAPE('productshape0','',#30);
#27=MANIFOLD_SURFACE_SHAPE_REPRESENTATION('',(#28,#9),#3);
#28=SHELL_BASED_SURFACE_MODEL('shell0',(#33));
#29=PRODUCT('product0','','',(#13));
#30=PRODUCT_DEFINITION('mesh0','',#31,#2);
#31=PRODUCT_DEFINITION_FORMATION_WITH_SPECIFIED_SOURCE('prodsource0','',#29,.NOT_KNOWN.);
#32=STYLED_ITEM('',(#18),#33);
#33=CLOSED_SHELL('',(#274,#296,#318,#340,#362,#384,#406,#428,#450,#472,#494,#516,#538,#560,#582,#604,#626,#648,#670,#692,#714,#736,#758,#780,#802,#824,#846,#868,#890,#912,#934,#956,#978,#1000,#1022,#1044,#1066,#1088,#1110,#1132,#1154,#1176,#1198,#1220,#1242,#1264,#1286,#1308,#1330,#1352,#1374,#1396,#1418,#1440,#1462,#1484,#1506,#1528,#1550,#1572,#1594,#1616,#1638,#1660,#1682,#1704,#1726,#1748,#1770,#1792,#1814,#1836,#1858,#1880,#1902,#1924,#1946,#1968,#1990,#2012,#2034,#2056,#2078,#2100,#2122,#2144,#2166,#2188,#2210,#2232,#2254,#2276,#2298,#2320,#2342,#2364,#2386,#2408,#2430,#2452,#2474,#2496,#2518,#2540,#2562,#2584,#2606,#2628,#2650,#2672,#2694,#2716,#2738,#2760,#2782,#2804,#2826,#2848,#2870,#2892,#2914,#2936,#2958,#2980,#3002,#3024,#3046,#3068,#3090,#3112,#3134,#3156,#3178,#3200,#3222,#3244,#3266,#3288,#3310,#3332,#3354,#3376,#3398,#3420,#3442,#3464,#3486,#3508,#3530,#3552,#3574,#3596,#3618,#3640,#3662,#3684,#3706,#3728,#3750,#3772,#3794,#3816,#3838,#3860,#3882,#3904,#3926,#3948,#3970,#3992,#4014,#4036,#4058,#4080,#4102,#4124,#4146,#4168,#4190,#4212,#4234,#4256,#4278,#4300,#4322,#4344,#4366,#4388,#4410,#4432,#4454,#4476,#4498,#4520,#4542,#4564,#4586,#4608,#4630,#4652,#4674,#4696,#4718,#4740,#4762,#4784,#4806,#4828,#4850,#4872,#4894,#4916,#4938,#4960,#4982,#5004,#5026,#5048,#5070,#5092,#5114,#5136,#5158,#5180,#5202,#5224,#5246,#5268,#5290,#5312,#5334,#5356,#5378,#5400,#5422,#5444));
#34=CARTESIAN_POINT('',(20.381620407104492,49.705657958984375,8.825496673583984));
#35=VERTEX_POINT('',#34);
#36=CARTESIAN_POINT('',(20.3764705657959,0.5944136381149292,8.825496673583984));
#37=VERTEX_POINT('',#36);
#38=CARTESIAN_POINT('',(20.3724308013916,-37.91182327270508,8.825496673583984));
#39=VERTEX_POINT('',#38);
#40=CARTESIAN_POINT('',(20.31669807434082,-38.3077392578125,8.825496673583984));
#41=VERTEX_POINT('',#40);
#42=CARTESIAN_POINT('',(20.273000717163086,-38.61815643310547,8.825496673583984));
#43=VERTEX_POINT('',#42);
#44=CARTESIAN_POINT('',(20.109546661376953,-38.987083435058594,8.825496673583984));
#45=VERTEX_POINT('',#44);
#46=CARTESIAN_POINT('',(19.98138999938965,-39.27634811401367,8.825496673583984));
#47=VERTEX_POINT('',#46);
#48=CARTESIAN_POINT('',(19.72128677368164,-39.59318923950195,8.825496673583984));
#49=VERTEX_POINT('',#48);
#50=CARTESIAN_POINT('',(20.325897216796875,50.101566314697266,8.825496673583984));
#51=VERTEX_POINT('',#50);
#52=CARTESIAN_POINT('',(20.154043197631836,50.701255798339844,8.825496673583984));
#53=VERTEX_POINT('',#52);
#54=CARTESIAN_POINT('',(20.282207489013672,50.411983489990234,8.825496673583984));
#55=VERTEX_POINT('',#54);
#56=CARTESIAN_POINT('',(19.786643981933594,51.318572998046875,8.825496673583984));
#57=VERTEX_POINT('',#56);
#58=CARTESIAN_POINT('',(19.990581512451172,51.07018280029297,8.825496673583984));
#59=VERTEX_POINT('',#58);
#60=CARTESIAN_POINT('',(19.26077651977539,51.82598876953125,8.825496673583984));
#61=VERTEX_POINT('',#60);
#62=CARTESIAN_POINT('',(19.52654266357422,51.6353874206543,8.825496673583984));
#63=VERTEX_POINT('',#62);
#64=CARTESIAN_POINT('',(18.61234474182129,52.18889617919922,8.825496673583984));
#65=VERTEX_POINT('',#64);
#66=CARTESIAN_POINT('',(18.921817779541016,52.06908416748047,8.825496673583984));
#67=VERTEX_POINT('',#66);
#68=CARTESIAN_POINT('',(17.88555145263672,52.3825798034668,8.825496673583984));
#69=VERTEX_POINT('',#68);
#70=CARTESIAN_POINT('',(18.21764373779297,52.341712951660156,8.825496673583984));
#71=VERTEX_POINT('',#70);
#72=CARTESIAN_POINT('',(1.8301634788513184,52.4347038269043,8.825496673583984));
#73=VERTEX_POINT('',#72);
#74=CARTESIAN_POINT('',(17.46199607849121,52.43470764160156,8.825496673583984));
#75=VERTEX_POINT('',#74);
#76=CARTESIAN_POINT('',(-18.438934326171875,52.393836975097656,8.825496673583984));
#77=VERTEX_POINT('',#76);
#78=CARTESIAN_POINT('',(-18.10683250427246,52.43470764160156,8.825496673583984));
#79=VERTEX_POINT('',#78);
#80=CARTESIAN_POINT('',(-19.17196273803711,52.22189712524414,8.825496673583984));
#81=VERTEX_POINT('',#80);
#82=CARTESIAN_POINT('',(-18.862497329711914,52.341712951660156,8.825496673583984));
#83=VERTEX_POINT('',#82);
#84=CARTESIAN_POINT('',(-19.83242416381836,51.87847900390625,8.825496673583984));
#85=VERTEX_POINT('',#84);
#86=CARTESIAN_POINT('',(-19.566652297973633,52.06907653808594,8.825496673583984));
#87=VERTEX_POINT('',#86);
#88=CARTESIAN_POINT('',(-20.375274658203125,51.386993408203125,8.825496673583984));
#89=VERTEX_POINT('',#88);
#90=CARTESIAN_POINT('',(-20.17139434814453,51.6353874206543,8.825496673583984));
#91=VERTEX_POINT('',#90);
#92=CARTESIAN_POINT('',(-20.763521194458008,50.78091812133789,8.825496673583984));
#93=VERTEX_POINT('',#92);
#94=CARTESIAN_POINT('',(-20.63530921936035,51.07018280029297,8.825496673583984));
#95=VERTEX_POINT('',#94);
#96=CARTESIAN_POINT('',(-20.97074317932129,50.101566314697266,8.825496673583984));
#97=VERTEX_POINT('',#96);
#98=CARTESIAN_POINT('',(-20.927043914794922,50.411983489990234,8.825496673583984));
#99=VERTEX_POINT('',#98);
#100=CARTESIAN_POINT('',(-21.03884506225586,11.565836906433105,8.825496673583984));
#101=VERTEX_POINT('',#100);
#102=CARTESIAN_POINT('',(-21.026473999023438,49.705657958984375,8.825496673583984));
#103=VERTEX_POINT('',#102);
#104=CARTESIAN_POINT('',(-21.054624557495117,-37.42932891845703,8.825496673583984));
#105=VERTEX_POINT('',#104);
#106=CARTESIAN_POINT('',(-21.054624557495117,-37.078067779541016,8.825496673583984));
#107=VERTEX_POINT('',#106);
#108=CARTESIAN_POINT('',(-21.01358985900879,-38.21771240234375,8.825496673583984));
#109=VERTEX_POINT('',#108);
#110=CARTESIAN_POINT('',(-21.054624557495117,-37.8773307800293,8.825496673583984));
#111=VERTEX_POINT('',#110);
#112=CARTESIAN_POINT('',(-20.88654136657715,-38.73811721801758,8.825496673583984));
#113=VERTEX_POINT('',#112);
#114=CARTESIAN_POINT('',(-20.981416702270508,-38.48460006713867,8.825496673583984));
#115=VERTEX_POINT('',#114);
#116=CARTESIAN_POINT('',(-20.61267852783203,-39.28887176513672,8.825496673583984));
#117=VERTEX_POINT('',#116);
#118=CARTESIAN_POINT('',(-20.765541076660156,-39.061466217041016,8.825496673583984));
#119=VERTEX_POINT('',#118);
#120=CARTESIAN_POINT('',(-20.214534759521484,-39.768821716308594,8.825496673583984));
#121=VERTEX_POINT('',#120);
#122=CARTESIAN_POINT('',(-20.41771697998047,-39.57890701293945,8.825496673583984));
#123=VERTEX_POINT('',#122);
#124=CARTESIAN_POINT('',(-19.712106704711914,-40.153926849365234,8.825496673583984));
#125=VERTEX_POINT('',#124);
#126=CARTESIAN_POINT('',(-19.955394744873047,-40.011043548583984,8.825496673583984));
#127=VERTEX_POINT('',#126);
#128=CARTESIAN_POINT('',(-19.130596160888672,-40.42489242553711,8.825496673583984));
#129=VERTEX_POINT('',#128);
#130=CARTESIAN_POINT('',(-19.40181541442871,-40.3361701965332,8.825496673583984));
#131=VERTEX_POINT('',#130);
#132=CARTESIAN_POINT('',(-18.499156951904297,-40.56808090209961,8.825496673583984));
#133=VERTEX_POINT('',#132);
#134=CARTESIAN_POINT('',(-18.78467559814453,-40.538047790527344,8.825496673583984));
#135=VERTEX_POINT('',#134);
#136=CARTESIAN_POINT('',(1.8126919269561768,-40.62571334838867,8.825496673583984));
#137=VERTEX_POINT('',#136);
#138=CARTESIAN_POINT('',(-18.135000228881836,-40.606380462646484,8.825496673583984));
#139=VERTEX_POINT('',#138);
#140=CARTESIAN_POINT('',(17.785011291503906,-40.60002899169922,8.825496673583984));
#141=VERTEX_POINT('',#140);
#142=CARTESIAN_POINT('',(17.452909469604492,-40.640872955322266,8.825496673583984));
#143=VERTEX_POINT('',#142);
#144=CARTESIAN_POINT('',(18.603267669677734,-40.39508819580078,8.825496673583984));
#145=VERTEX_POINT('',#144);
#146=CARTESIAN_POINT('',(18.20857810974121,-40.547935485839844,8.825496673583984));
#147=VERTEX_POINT('',#146);
#148=CARTESIAN_POINT('',(19.178449630737305,-40.08467102050781,8.825496673583984));
#149=VERTEX_POINT('',#148);
#150=CARTESIAN_POINT('',(18.912731170654297,-40.27524948120117,8.825496673583984));
#151=VERTEX_POINT('',#150);
#152=CARTESIAN_POINT('',(19.517349243164062,-39.84160614013672,8.825496673583984));
#153=VERTEX_POINT('',#152);
#154=CARTESIAN_POINT('',(-20.85198402404785,50.58133316040039,10.825496673583984));
#155=VERTEX_POINT('',#154);
#156=CARTESIAN_POINT('',(-20.927043914794922,50.411983489990234,10.825496673583984));
#157=VERTEX_POINT('',#156);
#158=CARTESIAN_POINT('',(-21.00089454650879,49.887386322021484,10.825496673583984));
#159=VERTEX_POINT('',#158);
#160=CARTESIAN_POINT('',(-21.026473999023438,49.705657958984375,10.825496673583984));
#161=VERTEX_POINT('',#160);
#162=CARTESIAN_POINT('',(-21.047382354736328,-14.749757766723633,10.825496673583984));
#163=VERTEX_POINT('',#162);
#164=CARTESIAN_POINT('',(-21.054624557495117,-37.078067779541016,10.825496673583984));
#165=VERTEX_POINT('',#164);
#166=CARTESIAN_POINT('',(-21.054624557495117,-37.67169189453125,10.825496673583984));
#167=VERTEX_POINT('',#166);
#168=CARTESIAN_POINT('',(-21.054624557495117,-37.8773307800293,10.825496673583984));
#169=VERTEX_POINT('',#168);
#170=CARTESIAN_POINT('',(-21.035789489746094,-38.0335693359375,10.825496673583984));
#171=VERTEX_POINT('',#170);
#172=CARTESIAN_POINT('',(-20.981416702270508,-38.48460006713867,10.825496673583984));
#173=VERTEX_POINT('',#172);
#174=CARTESIAN_POINT('',(-20.821081161499023,-38.91304397583008,10.825496673583984));
#175=VERTEX_POINT('',#174);
#176=CARTESIAN_POINT('',(-20.765541076660156,-39.061466217041016,10.825496673583984));
#177=VERTEX_POINT('',#176);
#178=CARTESIAN_POINT('',(-20.5072078704834,-39.445777893066406,10.825496673583984));
#179=VERTEX_POINT('',#178);
#180=CARTESIAN_POINT('',(-20.41771697998047,-39.57890701293945,10.825496673583984));
#181=VERTEX_POINT('',#180);
#182=CARTESIAN_POINT('',(-20.0743465423584,-39.89985656738281,10.825496673583984));
#183=VERTEX_POINT('',#182);
#184=CARTESIAN_POINT('',(-19.955394744873047,-40.011043548583984,10.825496673583984));
#185=VERTEX_POINT('',#184);
#186=CARTESIAN_POINT('',(-19.54424476623535,-40.25251770019531,10.825496673583984));
#187=VERTEX_POINT('',#186);
#188=CARTESIAN_POINT('',(-19.40181541442871,-40.3361701965332,10.825496673583984));
#189=VERTEX_POINT('',#188);
#190=CARTESIAN_POINT('',(-18.94346046447754,-40.486106872558594,10.825496673583984));
#191=VERTEX_POINT('',#190);
#192=CARTESIAN_POINT('',(-18.78467559814453,-40.538047790527344,10.825496673583984));
#193=VERTEX_POINT('',#192);
#194=CARTESIAN_POINT('',(-18.302152633666992,-40.588802337646484,10.825496673583984));
#195=VERTEX_POINT('',#194);
#196=CARTESIAN_POINT('',(-18.135000228881836,-40.606380462646484,10.825496673583984));
#197=VERTEX_POINT('',#196);
#198=CARTESIAN_POINT('',(-8.97869873046875,-40.615257263183594,10.825496673583984));
#199=VERTEX_POINT('',#198);
#200=CARTESIAN_POINT('',(17.452909469604492,-40.640872955322266,10.825496673583984));
#201=VERTEX_POINT('',#200);
#202=CARTESIAN_POINT('',(18.0141544342041,-40.57184600830078,10.825496673583984));
#203=VERTEX_POINT('',#202);
#204=CARTESIAN_POINT('',(18.20857810974121,-40.547935485839844,10.825496673583984));
#205=VERTEX_POINT('',#204);
#206=CARTESIAN_POINT('',(18.389747619628906,-40.47777557373047,10.825496673583984));
#207=VERTEX_POINT('',#206);
#208=CARTESIAN_POINT('',(18.912731170654297,-40.27524948120117,10.825496673583984));
#209=VERTEX_POINT('',#208);
#210=CARTESIAN_POINT('',(19.36178970336914,-39.95317459106445,10.825496673583984));
#211=VERTEX_POINT('',#210);
#212=CARTESIAN_POINT('',(19.517349243164062,-39.84160614013672,10.825496673583984));
#213=VERTEX_POINT('',#212);
#214=CARTESIAN_POINT('',(19.861997604370117,-39.421783447265625,10.825496673583984));
#215=VERTEX_POINT('',#214);
#216=CARTESIAN_POINT('',(19.98138999938965,-39.27634811401367,10.825496673583984));
#217=VERTEX_POINT('',#216);
#218=CARTESIAN_POINT('',(20.19797134399414,-38.787498474121094,10.825496673583984));
#219=VERTEX_POINT('',#218);
#220=CARTESIAN_POINT('',(20.273000717163086,-38.61815643310547,10.825496673583984));
#221=VERTEX_POINT('',#220);
#222=CARTESIAN_POINT('',(20.34684944152832,-38.09355926513672,10.825496673583984));
#223=VERTEX_POINT('',#222);
#224=CARTESIAN_POINT('',(20.3724308013916,-37.91182327270508,10.825496673583984));
#225=VERTEX_POINT('',#224);
#226=CARTESIAN_POINT('',(20.379257202148438,27.162826538085938,10.825496673583984));
#227=VERTEX_POINT('',#226);
#228=CARTESIAN_POINT('',(20.381620407104492,49.705657958984375,10.825496673583984));
#229=VERTEX_POINT('',#228);
#230=CARTESIAN_POINT('',(20.356042861938477,49.887386322021484,10.825496673583984));
#231=VERTEX_POINT('',#230);
#232=CARTESIAN_POINT('',(20.282207489013672,50.411983489990234,10.825496673583984));
#233=VERTEX_POINT('',#232);
#234=CARTESIAN_POINT('',(20.06561279296875,50.900840759277344,10.825496673583984));
#235=VERTEX_POINT('',#234);
#236=CARTESIAN_POINT('',(19.990581512451172,51.07018280029297,10.825496673583984));
#237=VERTEX_POINT('',#236);
#238=CARTESIAN_POINT('',(19.645933151245117,51.489967346191406,10.825496673583984));
#239=VERTEX_POINT('',#238);
#240=CARTESIAN_POINT('',(19.52654266357422,51.6353874206543,10.825496673583984));
#241=VERTEX_POINT('',#240);
#242=CARTESIAN_POINT('',(19.07740592956543,51.95750045776367,10.825496673583984));
#243=VERTEX_POINT('',#242);
#244=CARTESIAN_POINT('',(18.921817779541016,52.06908416748047,10.825496673583984));
#245=VERTEX_POINT('',#244);
#246=CARTESIAN_POINT('',(18.398818969726562,52.27156448364258,10.825496673583984));
#247=VERTEX_POINT('',#246);
#248=CARTESIAN_POINT('',(18.21764373779297,52.341712951660156,10.825496673583984));
#249=VERTEX_POINT('',#248);
#250=CARTESIAN_POINT('',(17.656414031982422,52.4107780456543,10.825496673583984));
#251=VERTEX_POINT('',#250);
#252=CARTESIAN_POINT('',(17.46199607849121,52.43470764160156,10.825496673583984));
#253=VERTEX_POINT('',#252);
#254=CARTESIAN_POINT('',(-8.955439567565918,52.4347038269043,10.825496673583984));
#255=VERTEX_POINT('',#254);
#256=CARTESIAN_POINT('',(-18.10683250427246,52.43470764160156,10.825496673583984));
#257=VERTEX_POINT('',#256);
#258=CARTESIAN_POINT('',(-18.668075561523438,52.365638732910156,10.825496673583984));
#259=VERTEX_POINT('',#258);
#260=CARTESIAN_POINT('',(-18.862497329711914,52.341712951660156,10.825496673583984));
#261=VERTEX_POINT('',#260);
#262=CARTESIAN_POINT('',(-19.385482788085938,52.139225006103516,10.825496673583984));
#263=VERTEX_POINT('',#262);
#264=CARTESIAN_POINT('',(-19.566652297973633,52.06907653808594,10.825496673583984));
#265=VERTEX_POINT('',#264);
#266=CARTESIAN_POINT('',(-20.01580238342285,51.74696350097656,10.825496673583984));
#267=VERTEX_POINT('',#266);
#268=CARTESIAN_POINT('',(-20.17139434814453,51.6353874206543,10.825496673583984));
#269=VERTEX_POINT('',#268);
#270=CARTESIAN_POINT('',(-20.515949249267578,51.21560287475586,10.825496673583984));
#271=VERTEX_POINT('',#270);
#272=CARTESIAN_POINT('',(-20.63530921936035,51.07018280029297,10.825496673583984));
#273=VERTEX_POINT('',#272);
#274=FACE_SURFACE('',(#279),#275,.T.);
#275=PLANE('',#276);
#276=AXIS2_PLACEMENT_3D('',#34,#277,#278);
#277=DIRECTION('',(0,0,-1));
#278=DIRECTION('',(-0.00010486073711824318,-0.9999999945021129,0));
#279=FACE_BOUND('',#280,.T.);
#280=EDGE_LOOP('',(#281,#282,#283));
#281=ORIENTED_EDGE('',*,*,#284,.T.);
#282=ORIENTED_EDGE('',*,*,#285,.T.);
#283=ORIENTED_EDGE('',*,*,#286,.T.);
#284=EDGE_CURVE('',#35,#37,#287,.F.);
#285=EDGE_CURVE('',#37,#39,#288,.T.);
#286=EDGE_CURVE('',#39,#35,#289,.T.);
#287=LINE('',#34,#290);
#288=LINE('',#36,#291);
#289=LINE('',#38,#292);
#290=VECTOR('',#293,1.0);
#291=VECTOR('',#294,1.0);
#292=VECTOR('',#295,1.0);
#293=DIRECTION('',(-0.00010486073711824318,-0.9999999945021129,0));
#294=DIRECTION('',(-0.00010491194949589735,-0.9999999944967415,0));
#295=DIRECTION('',(0.00010488324399608312,0.9999999944997525,0));
#296=FACE_SURFACE('',(#301),#297,.T.);
#297=PLANE('',#298);
#298=AXIS2_PLACEMENT_3D('',#38,#299,#300);
#299=DIRECTION('',(0,0,-1));
#300=DIRECTION('',(-0.13939473189931922,-0.9902368952522002,0));
#301=FACE_BOUND('',#302,.T.);
#302=EDGE_LOOP('',(#303,#304,#305));
#303=ORIENTED_EDGE('',*,*,#306,.T.);
#304=ORIENTED_EDGE('',*,*,#307,.T.);
#305=ORIENTED_EDGE('',*,*,#308,.T.);
#306=EDGE_CURVE('',#39,#41,#309,.F.);
#307=EDGE_CURVE('',#41,#43,#310,.T.);
#308=EDGE_CURVE('',#43,#39,#311,.T.);
#309=LINE('',#38,#312);
#310=LINE('',#40,#313);
#311=LINE('',#42,#314);
#312=VECTOR('',#315,1.0);
#313=VECTOR('',#316,1.0);
#314=VECTOR('',#317,1.0);
#315=DIRECTION('',(-0.13939473189931922,-0.9902368952522002,0));
#316=DIRECTION('',(-0.13939541540241102,-0.9902367990358616,0));
#317=DIRECTION('',(0.1393950322832291,0.9902368529673886,0));
#318=FACE_SURFACE('',(#323),#319,.T.);
#319=PLANE('',#320);
#320=AXIS2_PLACEMENT_3D('',#44,#321,#322);
#321=DIRECTION('',(0,0,-1));
#322=DIRECTION('',(-0.4050681409220561,-0.914286498429212,0));
#323=FACE_BOUND('',#324,.T.);
#324=EDGE_LOOP('',(#325,#326,#327));
#325=ORIENTED_EDGE('',*,*,#328,.T.);
#326=ORIENTED_EDGE('',*,*,#329,.T.);
#327=ORIENTED_EDGE('',*,*,#330,.T.);
#328=EDGE_CURVE('',#45,#47,#331,.F.);
#329=EDGE_CURVE('',#47,#49,#332,.T.);
#330=EDGE_CURVE('',#49,#45,#333,.T.);
#331=LINE('',#44,#334);
#332=LINE('',#46,#335);
#333=LINE('',#48,#336);
#334=VECTOR('',#337,1.0);
#335=VECTOR('',#338,1.0);
#336=VECTOR('',#339,1.0);
#337=DIRECTION('',(-0.4050681409220561,-0.914286498429212,0));
#338=DIRECTION('',(-0.6345076087397767,-0.7729166154581815,0));
#339=DIRECTION('',(0.5394007461660868,0.8420491880142565,0));
#340=FACE_SURFACE('',(#345),#341,.T.);
#341=PLANE('',#342);
#342=AXIS2_PLACEMENT_3D('',#38,#343,#344);
#343=DIRECTION('',(0,0,-1));
#344=DIRECTION('',(-0.1393950322832291,-0.9902368529673886,0));
#345=FACE_BOUND('',#346,.T.);
#346=EDGE_LOOP('',(#347,#348,#349));
#347=ORIENTED_EDGE('',*,*,#350,.T.);
#348=ORIENTED_EDGE('',*,*,#351,.T.);
#349=ORIENTED_EDGE('',*,*,#352,.T.);
#350=EDGE_CURVE('',#39,#43,#353,.F.);
#351=EDGE_CURVE('',#43,#45,#354,.T.);
#352=EDGE_CURVE('',#45,#39,#355,.T.);
#353=LINE('',#38,#356);
#354=LINE('',#42,#357);
#355=LINE('',#44,#358);
#356=VECTOR('',#359,1.0);
#357=VECTOR('',#360,1.0);
#358=VECTOR('',#361,1.0);
#359=DIRECTION('',(-0.1393950322832291,-0.9902368529673886,0));
#360=DIRECTION('',(-0.4050755308370179,-0.9142832243441352,0));
#361=DIRECTION('',(0.2374895475809919,0.9713900940352316,0));
#362=FACE_SURFACE('',(#367),#363,.T.);
#363=PLANE('',#364);
#364=AXIS2_PLACEMENT_3D('',#50,#365,#366);
#365=DIRECTION('',(0,0,-1));
#366=DIRECTION('',(0.13937397623644152,-0.990239816785835,0));
#367=FACE_BOUND('',#368,.T.);
#368=EDGE_LOOP('',(#369,#370,#371));
#369=ORIENTED_EDGE('',*,*,#372,.T.);
#370=ORIENTED_EDGE('',*,*,#373,.T.);
#371=ORIENTED_EDGE('',*,*,#374,.T.);
#372=EDGE_CURVE('',#51,#35,#375,.F.);
#373=EDGE_CURVE('',#35,#39,#376,.T.);
#374=EDGE_CURVE('',#39,#51,#377,.T.);
#375=LINE('',#50,#378);
#376=LINE('',#34,#379);
#377=LINE('',#38,#380);
#378=VECTOR('',#381,1.0);
#379=VECTOR('',#382,1.0);
#380=VECTOR('',#383,1.0);
#381=DIRECTION('',(0.13937397623644152,-0.990239816785835,0));
#382=DIRECTION('',(-0.00010488324399608312,-0.9999999944997525,0));
#383=DIRECTION('',(-0.0005287102145366718,0.9999998602327448,0));
#384=FACE_SURFACE('',(#389),#385,.T.);
#385=PLANE('',#386);
#386=AXIS2_PLACEMENT_3D('',#52,#387,#388);
#387=DIRECTION('',(0,0,-1));
#388=DIRECTION('',(0.40507936752422696,-0.9142815244803826,0));
#389=FACE_BOUND('',#390,.T.);
#390=EDGE_LOOP('',(#391,#392,#393));
#391=ORIENTED_EDGE('',*,*,#394,.T.);
#392=ORIENTED_EDGE('',*,*,#395,.T.);
#393=ORIENTED_EDGE('',*,*,#396,.T.);
#394=EDGE_CURVE('',#53,#55,#397,.F.);
#395=EDGE_CURVE('',#55,#51,#398,.T.);
#396=EDGE_CURVE('',#51,#53,#399,.T.);
#397=LINE('',#52,#400);
#398=LINE('',#54,#401);
#399=LINE('',#50,#402);
#400=VECTOR('',#403,1.0);
#401=VECTOR('',#404,1.0);
#402=VECTOR('',#405,1.0);
#403=DIRECTION('',(0.40507936752422696,-0.9142815244803826,0));
#404=DIRECTION('',(0.13937155027674955,-0.9902401582310503,0));
#405=DIRECTION('',(-0.2754830492941119,0.9613059292190066,0));
#406=FACE_SURFACE('',(#411),#407,.T.);
#407=PLANE('',#408);
#408=AXIS2_PLACEMENT_3D('',#56,#409,#410);
#409=DIRECTION('',(0,0,-1));
#410=DIRECTION('',(0.6345586776731198,-0.7728746888013228,0));
#411=FACE_BOUND('',#412,.T.);
#412=EDGE_LOOP('',(#413,#414,#415));
#413=ORIENTED_EDGE('',*,*,#416,.T.);
#414=ORIENTED_EDGE('',*,*,#417,.T.);
#415=ORIENTED_EDGE('',*,*,#418,.T.);
#416=EDGE_CURVE('',#57,#59,#419,.F.);
#417=EDGE_CURVE('',#59,#53,#420,.T.);
#418=EDGE_CURVE('',#53,#57,#421,.T.);
#419=LINE('',#56,#422);
#420=LINE('',#58,#423);
#421=LINE('',#52,#424);
#422=VECTOR('',#425,1.0);
#423=VECTOR('',#426,1.0);
#424=VECTOR('',#427,1.0);
#425=DIRECTION('',(0.6345586776731198,-0.7728746888013228,0));
#426=DIRECTION('',(0.4050913355602641,-0.9142762218574874,0));
#427=DIRECTION('',(-0.5114309259763749,0.8593243904108319,0));
#428=FACE_SURFACE('',(#433),#429,.T.);
#429=PLANE('',#430);
#430=AXIS2_PLACEMENT_3D('',#60,#431,#432);
#431=DIRECTION('',(0,0,-1));
#432=DIRECTION('',(0.8126207495239242,-0.5827928598079902,0));
#433=FACE_BOUND('',#434,.T.);
#434=EDGE_LOOP('',(#435,#436,#437));
#435=ORIENTED_EDGE('',*,*,#438,.T.);
#436=ORIENTED_EDGE('',*,*,#439,.T.);
#437=ORIENTED_EDGE('',*,*,#440,.T.);
#438=EDGE_CURVE('',#61,#63,#441,.F.);
#439=EDGE_CURVE('',#63,#57,#442,.T.);
#440=EDGE_CURVE('',#57,#61,#443,.T.);
#441=LINE('',#60,#444);
#442=LINE('',#62,#445);
#443=LINE('',#56,#446);
#444=VECTOR('',#447,1.0);
#445=VECTOR('',#448,1.0);
#446=VECTOR('',#449,1.0);
#447=DIRECTION('',(0.8126207495239242,-0.5827928598079902,0));
#448=DIRECTION('',(0.6345367763781422,-0.7728926700542809,0));
#449=DIRECTION('',(-0.71961909925835,0.6943690315549802,0));
#450=FACE_SURFACE('',(#455),#451,.T.);
#451=PLANE('',#452);
#452=AXIS2_PLACEMENT_3D('',#64,#453,#454);
#453=DIRECTION('',(0,0,-1));
#454=DIRECTION('',(0.9325518690485992,-0.3610360252578184,0));
#455=FACE_BOUND('',#456,.T.);
#456=EDGE_LOOP('',(#457,#458,#459));
#457=ORIENTED_EDGE('',*,*,#460,.T.);
#458=ORIENTED_EDGE('',*,*,#461,.T.);
#459=ORIENTED_EDGE('',*,*,#462,.T.);
#460=EDGE_CURVE('',#65,#67,#463,.F.);
#461=EDGE_CURVE('',#67,#61,#464,.T.);
#462=EDGE_CURVE('',#61,#65,#465,.T.);
#463=LINE('',#64,#466);
#464=LINE('',#66,#467);
#465=LINE('',#60,#468);
#466=VECTOR('',#469,1.0);
#467=VECTOR('',#470,1.0);
#468=VECTOR('',#471,1.0);
#469=DIRECTION('',(0.9325518690485992,-0.3610360252578184,0));
#470=DIRECTION('',(0.8126184708349917,-0.5827960370985716,0));
#471=DIRECTION('',(-0.8726289830699459,0.488383719943972,0));
#472=FACE_SURFACE('',(#477),#473,.T.);
#473=PLANE('',#474);
#474=AXIS2_PLACEMENT_3D('',#68,#475,#476);
#475=DIRECTION('',(0,0,-1));
#476=DIRECTION('',(0.9925132010800318,-0.12213740492522492,0));
#477=FACE_BOUND('',#478,.T.);
#478=EDGE_LOOP('',(#479,#480,#481));
#479=ORIENTED_EDGE('',*,*,#482,.T.);
#480=ORIENTED_EDGE('',*,*,#483,.T.);
#481=ORIENTED_EDGE('',*,*,#484,.T.);
#482=EDGE_CURVE('',#69,#71,#485,.F.);
#483=EDGE_CURVE('',#71,#65,#486,.T.);
#484=EDGE_CURVE('',#65,#69,#487,.T.);
#485=LINE('',#68,#488);
#486=LINE('',#70,#489);
#487=LINE('',#64,#490);
#488=VECTOR('',#491,1.0);
#489=VECTOR('',#492,1.0);
#490=VECTOR('',#493,1.0);
#491=DIRECTION('',(0.9925132010800318,-0.12213740492522492,0));
#492=DIRECTION('',(0.9325448016133853,-0.36105427983040456,0));
#493=DIRECTION('',(-0.9662772676289635,0.2575038680554226,0));
#494=FACE_SURFACE('',(#499),#495,.T.);
#495=PLANE('',#496);
#496=AXIS2_PLACEMENT_3D('',#72,#497,#498);
#497=DIRECTION('',(0,0,-1));
#498=DIRECTION('',(0.9999999999999702,2.4403391229463173E-07,0));
#499=FACE_BOUND('',#500,.T.);
#500=EDGE_LOOP('',(#501,#502,#503));
#501=ORIENTED_EDGE('',*,*,#504,.T.);
#502=ORIENTED_EDGE('',*,*,#505,.T.);
#503=ORIENTED_EDGE('',*,*,#506,.T.);
#504=EDGE_CURVE('',#73,#75,#507,.F.);
#505=EDGE_CURVE('',#75,#69,#508,.T.);
#506=EDGE_CURVE('',#69,#73,#509,.T.);
#507=LINE('',#72,#510);
#508=LINE('',#74,#511);
#509=LINE('',#68,#512);
#510=VECTOR('',#513,1.0);
#511=VECTOR('',#514,1.0);
#512=VECTOR('',#515,1.0);
#513=DIRECTION('',(0.9999999999999702,2.4403391229463173E-07,0));
#514=DIRECTION('',(0.9925115944649124,-0.12215045989564342,0));
#515=DIRECTION('',(-0.9999947301188012,0.0032464957455524877,0));
#516=FACE_SURFACE('',(#521),#517,.T.);
#517=PLANE('',#518);
#518=AXIS2_PLACEMENT_3D('',#76,#519,#520);
#519=DIRECTION('',(0,0,-1));
#520=DIRECTION('',(0.992512244213864,0.12214518036156537,0));
#521=FACE_BOUND('',#522,.T.);
#522=EDGE_LOOP('',(#523,#524,#525));
#523=ORIENTED_EDGE('',*,*,#526,.T.);
#524=ORIENTED_EDGE('',*,*,#527,.T.);
#525=ORIENTED_EDGE('',*,*,#528,.T.);
#526=EDGE_CURVE('',#77,#79,#529,.F.);
#527=EDGE_CURVE('',#79,#73,#530,.T.);
#528=EDGE_CURVE('',#73,#77,#531,.T.);
#529=LINE('',#76,#532);
#530=LINE('',#78,#533);
#531=LINE('',#72,#534);
#532=VECTOR('',#535,1.0);
#533=VECTOR('',#536,1.0);
#534=VECTOR('',#537,1.0);
#535=DIRECTION('',(0.992512244213864,0.12214518036156537,0));
#536=DIRECTION('',(0.9999999999999817,-1.9133761519809633E-07,0));
#537=DIRECTION('',(-0.9999979674454524,-0.0020162105455136404,0));
#538=FACE_SURFACE('',(#543),#539,.T.);
#539=PLANE('',#540);
#540=AXIS2_PLACEMENT_3D('',#80,#541,#542);
#541=DIRECTION('',(0,0,-1));
#542=DIRECTION('',(0.9325450018711254,0.36105376259662836,0));
#543=FACE_BOUND('',#544,.T.);
#544=EDGE_LOOP('',(#545,#546,#547));
#545=ORIENTED_EDGE('',*,*,#548,.T.);
#546=ORIENTED_EDGE('',*,*,#549,.T.);
#547=ORIENTED_EDGE('',*,*,#550,.T.);
#548=EDGE_CURVE('',#81,#83,#551,.F.);
#549=EDGE_CURVE('',#83,#77,#552,.T.);
#550=EDGE_CURVE('',#77,#81,#553,.T.);
#551=LINE('',#80,#554);
#552=LINE('',#82,#555);
#553=LINE('',#76,#556);
#554=VECTOR('',#557,1.0);
#555=VECTOR('',#558,1.0);
#556=VECTOR('',#559,1.0);
#557=DIRECTION('',(0.9325450018711254,0.36105376259662836,0));
#558=DIRECTION('',(0.9925129448502351,0.12213948708224572,0));
#559=DIRECTION('',(-0.9735760717138416,-0.22836294048344333,0));
#560=FACE_SURFACE('',(#565),#561,.T.);
#561=PLANE('',#562);
#562=AXIS2_PLACEMENT_3D('',#84,#563,#564);
#563=DIRECTION('',(0,0,-1));
#564=DIRECTION('',(0.8126322157249146,0.5827768715091701,0));
#565=FACE_BOUND('',#566,.T.);
#566=EDGE_LOOP('',(#567,#568,#569));
#567=ORIENTED_EDGE('',*,*,#570,.T.);
#568=ORIENTED_EDGE('',*,*,#571,.T.);
#569=ORIENTED_EDGE('',*,*,#572,.T.);
#570=EDGE_CURVE('',#85,#87,#573,.F.);
#571=EDGE_CURVE('',#87,#81,#574,.T.);
#572=EDGE_CURVE('',#81,#85,#575,.T.);
#573=LINE('',#84,#576);
#574=LINE('',#86,#577);
#575=LINE('',#80,#578);
#576=VECTOR('',#579,1.0);
#577=VECTOR('',#580,1.0);
#578=VECTOR('',#581,1.0);
#579=DIRECTION('',(0.8126322157249146,0.5827768715091701,0));
#580=DIRECTION('',(0.9325382419535523,0.36107122191359686,0));
#581=DIRECTION('',(-0.8872287988870688,-0.46132966350041804,0));
#582=FACE_SURFACE('',(#587),#583,.T.);
#583=PLANE('',#584);
#584=AXIS2_PLACEMENT_3D('',#88,#585,#586);
#585=DIRECTION('',(0,0,-1));
#586=DIRECTION('',(0.6344464864762258,0.7729667882891039,0));
#587=FACE_BOUND('',#588,.T.);
#588=EDGE_LOOP('',(#589,#590,#591));
#589=ORIENTED_EDGE('',*,*,#592,.T.);
#590=ORIENTED_EDGE('',*,*,#593,.T.);
#591=ORIENTED_EDGE('',*,*,#594,.T.);
#592=EDGE_CURVE('',#89,#91,#595,.F.);
#593=EDGE_CURVE('',#91,#85,#596,.T.);
#594=EDGE_CURVE('',#85,#89,#597,.T.);
#595=LINE('',#88,#598);
#596=LINE('',#90,#599);
#597=LINE('',#84,#600);
#598=VECTOR('',#601,1.0);
#599=VECTOR('',#602,1.0);
#600=VECTOR('',#603,1.0);
#601=DIRECTION('',(0.6344464864762258,0.7729667882891039,0));
#602=DIRECTION('',(0.8126321202096919,0.5827770046969087,0));
#603=DIRECTION('',(-0.7413080410725543,-0.6711649486088886,0));
#604=FACE_SURFACE('',(#609),#605,.T.);
#605=PLANE('',#606);
#606=AXIS2_PLACEMENT_3D('',#92,#607,#608);
#607=DIRECTION('',(0,0,-1));
#608=DIRECTION('',(0.40521426892715395,0.9142217434834025,0));
#609=FACE_BOUND('',#610,.T.);
#610=EDGE_LOOP('',(#611,#612,#613));
#611=ORIENTED_EDGE('',*,*,#614,.T.);
#612=ORIENTED_EDGE('',*,*,#615,.T.);
#613=ORIENTED_EDGE('',*,*,#616,.T.);
#614=EDGE_CURVE('',#93,#95,#617,.F.);
#615=EDGE_CURVE('',#95,#89,#618,.T.);
#616=EDGE_CURVE('',#89,#93,#619,.T.);
#617=LINE('',#92,#620);
#618=LINE('',#94,#621);
#619=LINE('',#88,#622);
#620=VECTOR('',#623,1.0);
#621=VECTOR('',#624,1.0);
#622=VECTOR('',#625,1.0);
#623=DIRECTION('',(0.40521426892715395,0.9142217434834025,0));
#624=DIRECTION('',(0.6344440395209323,0.7729687967287954,0));
#625=DIRECTION('',(-0.5394068513989139,-0.8420452770866362,0));
#626=FACE_SURFACE('',(#631),#627,.T.);
#627=PLANE('',#628);
#628=AXIS2_PLACEMENT_3D('',#96,#629,#630);
#629=DIRECTION('',(0,0,-1));
#630=DIRECTION('',(0.13940138164587587,0.9902359591507576,0));
#631=FACE_BOUND('',#632,.T.);
#632=EDGE_LOOP('',(#633,#634,#635));
#633=ORIENTED_EDGE('',*,*,#636,.T.);
#634=ORIENTED_EDGE('',*,*,#637,.T.);
#635=ORIENTED_EDGE('',*,*,#638,.T.);
#636=EDGE_CURVE('',#97,#99,#639,.F.);
#637=EDGE_CURVE('',#99,#93,#640,.T.);
#638=EDGE_CURVE('',#93,#97,#641,.T.);
#639=LINE('',#96,#642);
#640=LINE('',#98,#643);
#641=LINE('',#92,#644);
#642=VECTOR('',#645,1.0);
#643=VECTOR('',#646,1.0);
#644=VECTOR('',#647,1.0);
#645=DIRECTION('',(0.13940138164587587,0.9902359591507576,0));
#646=DIRECTION('',(0.4052107564852445,0.9142233003094243,0));
#647=DIRECTION('',(-0.2917578402459184,-0.9564922177702425,0));
#648=FACE_SURFACE('',(#653),#649,.T.);
#649=PLANE('',#650);
#650=AXIS2_PLACEMENT_3D('',#100,#651,#652);
#651=DIRECTION('',(0,0,-1));
#652=DIRECTION('',(0.0003243607924797806,0.9999999473950367,0));
#653=FACE_BOUND('',#654,.T.);
#654=EDGE_LOOP('',(#655,#656,#657));
#655=ORIENTED_EDGE('',*,*,#658,.T.);
#656=ORIENTED_EDGE('',*,*,#659,.T.);
#657=ORIENTED_EDGE('',*,*,#660,.T.);
#658=EDGE_CURVE('',#101,#103,#661,.F.);
#659=EDGE_CURVE('',#103,#97,#662,.T.);
#660=EDGE_CURVE('',#97,#101,#663,.T.);
#661=LINE('',#100,#664);
#662=LINE('',#102,#665);
#663=LINE('',#96,#666);
#664=VECTOR('',#667,1.0);
#665=VECTOR('',#668,1.0);
#666=VECTOR('',#669,1.0);
#667=DIRECTION('',(0.0003243607924797806,0.9999999473950367,0));
#668=DIRECTION('',(0.13939268800462046,0.9902371829672154,0));
#669=DIRECTION('',(-0.001767237253187961,-0.9999984384350262,0));
#670=FACE_SURFACE('',(#675),#671,.T.);
#671=PLANE('',#672);
#672=AXIS2_PLACEMENT_3D('',#104,#673,#674);
#673=DIRECTION('',(0,0,-1));
#674=DIRECTION('',(0,1,0));
#675=FACE_BOUND('',#676,.T.);
#676=EDGE_LOOP('',(#677,#678,#679));
#677=ORIENTED_EDGE('',*,*,#680,.T.);
#678=ORIENTED_EDGE('',*,*,#681,.T.);
#679=ORIENTED_EDGE('',*,*,#682,.T.);
#680=EDGE_CURVE('',#105,#107,#683,.F.);
#681=EDGE_CURVE('',#107,#101,#684,.T.);
#682=EDGE_CURVE('',#101,#105,#685,.T.);
#683=LINE('',#104,#686);
#684=LINE('',#106,#687);
#685=LINE('',#100,#688);
#686=VECTOR('',#689,1.0);
#687=VECTOR('',#690,1.0);
#688=VECTOR('',#691,1.0);
#689=DIRECTION('',(0,1,0));
#690=DIRECTION('',(0.0003243879065816254,0.9999999473862416,0));
#691=DIRECTION('',(-0.0003220622719657087,-0.9999999481379451,0));
#692=FACE_SURFACE('',(#697),#693,.T.);
#693=PLANE('',#694);
#694=AXIS2_PLACEMENT_3D('',#108,#695,#696);
#695=DIRECTION('',(0,0,-1));
#696=DIRECTION('',(-0.11968836828452632,0.9928115100548479,0));
#697=FACE_BOUND('',#698,.T.);
#698=EDGE_LOOP('',(#699,#700,#701));
#699=ORIENTED_EDGE('',*,*,#702,.T.);
#700=ORIENTED_EDGE('',*,*,#703,.T.);
#701=ORIENTED_EDGE('',*,*,#704,.T.);
#702=EDGE_CURVE('',#109,#111,#705,.F.);
#703=EDGE_CURVE('',#111,#105,#706,.T.);
#704=EDGE_CURVE('',#105,#109,#707,.T.);
#705=LINE('',#108,#708);
#706=LINE('',#110,#709);
#707=LINE('',#104,#710);
#708=VECTOR('',#711,1.0);
#709=VECTOR('',#712,1.0);
#710=VECTOR('',#713,1.0);
#711=DIRECTION('',(-0.11968836828452632,0.9928115100548479,0));
#712=DIRECTION('',(0,1,0));
#713=DIRECTION('',(0.05197879984297032,-0.9986481884862578,0));
#714=FACE_SURFACE('',(#719),#715,.T.);
#715=PLANE('',#716);
#716=AXIS2_PLACEMENT_3D('',#112,#717,#718);
#717=DIRECTION('',(0,0,-1));
#718=DIRECTION('',(-0.35049633996163115,0.936564101209042,0));
#719=FACE_BOUND('',#720,.T.);
#720=EDGE_LOOP('',(#721,#722,#723));
#721=ORIENTED_EDGE('',*,*,#724,.T.);
#722=ORIENTED_EDGE('',*,*,#725,.T.);
#723=ORIENTED_EDGE('',*,*,#726,.T.);
#724=EDGE_CURVE('',#113,#115,#727,.F.);
#725=EDGE_CURVE('',#115,#109,#728,.T.);
#726=EDGE_CURVE('',#109,#113,#729,.T.);
#727=LINE('',#112,#730);
#728=LINE('',#114,#731);
#729=LINE('',#108,#732);
#730=VECTOR('',#733,1.0);
#731=VECTOR('',#734,1.0);
#732=VECTOR('',#735,1.0);
#733=DIRECTION('',(-0.35049633996163115,0.936564101209042,0));
#734=DIRECTION('',(-0.11968294371545359,0.9928121639986103,0));
#735=DIRECTION('',(0.2371684682875664,-0.9714685366238732,0));
#736=FACE_SURFACE('',(#741),#737,.T.);
#737=PLANE('',#738);
#738=AXIS2_PLACEMENT_3D('',#116,#739,#740);
#739=DIRECTION('',(0,0,-1));
#740=DIRECTION('',(-0.5578767528940426,0.8299238089007926,0));
#741=FACE_BOUND('',#742,.T.);
#742=EDGE_LOOP('',(#743,#744,#745));
#743=ORIENTED_EDGE('',*,*,#746,.T.);
#744=ORIENTED_EDGE('',*,*,#747,.T.);
#745=ORIENTED_EDGE('',*,*,#748,.T.);
#746=EDGE_CURVE('',#117,#119,#749,.F.);
#747=EDGE_CURVE('',#119,#113,#750,.T.);
#748=EDGE_CURVE('',#113,#117,#751,.T.);
#749=LINE('',#116,#752);
#750=LINE('',#118,#753);
#751=LINE('',#112,#754);
#752=VECTOR('',#755,1.0);
#753=VECTOR('',#756,1.0);
#754=VECTOR('',#757,1.0);
#755=DIRECTION('',(-0.5578767528940426,0.8299238089007926,0));
#756=DIRECTION('',(-0.3504743316770858,0.9365723372145369,0));
#757=DIRECTION('',(0.4452427916585677,-0.895409881828476,0));
#758=FACE_SURFACE('',(#763),#759,.T.);
#759=PLANE('',#760);
#760=AXIS2_PLACEMENT_3D('',#120,#761,#762);
#761=DIRECTION('',(0,0,-1));
#762=DIRECTION('',(-0.7305565396499252,0.6828522112248939,0));
#763=FACE_BOUND('',#764,.T.);
#764=EDGE_LOOP('',(#765,#766,#767));
#765=ORIENTED_EDGE('',*,*,#768,.T.);
#766=ORIENTED_EDGE('',*,*,#769,.T.);
#767=ORIENTED_EDGE('',*,*,#770,.T.);
#768=EDGE_CURVE('',#121,#123,#771,.F.);
#769=EDGE_CURVE('',#123,#117,#772,.T.);
#770=EDGE_CURVE('',#117,#121,#773,.T.);
#771=LINE('',#120,#774);
#772=LINE('',#122,#775);
#773=LINE('',#116,#776);
#774=VECTOR('',#777,1.0);
#775=VECTOR('',#778,1.0);
#776=VECTOR('',#779,1.0);
#777=DIRECTION('',(-0.7305565396499252,0.6828522112248939,0));
#778=DIRECTION('',(-0.5578751098030772,0.8299249133880754,0));
#779=DIRECTION('',(0.638465552257522,-0.7696504002340917,0));
#780=FACE_SURFACE('',(#785),#781,.T.);
#781=PLANE('',#782);
#782=AXIS2_PLACEMENT_3D('',#124,#783,#784);
#783=DIRECTION('',(0,0,-1));
#784=DIRECTION('',(-0.8622860947840056,0.5064214556494903,0));
#785=FACE_BOUND('',#786,.T.);
#786=EDGE_LOOP('',(#787,#788,#789));
#787=ORIENTED_EDGE('',*,*,#790,.T.);
#788=ORIENTED_EDGE('',*,*,#791,.T.);
#789=ORIENTED_EDGE('',*,*,#792,.T.);
#790=EDGE_CURVE('',#125,#127,#793,.F.);
#791=EDGE_CURVE('',#127,#121,#794,.T.);
#792=EDGE_CURVE('',#121,#125,#795,.T.);
#793=LINE('',#124,#796);
#794=LINE('',#126,#797);
#795=LINE('',#120,#798);
#796=VECTOR('',#799,1.0);
#797=VECTOR('',#800,1.0);
#798=VECTOR('',#801,1.0);
#799=DIRECTION('',(-0.8622860947840056,0.5064214556494903,0));
#800=DIRECTION('',(-0.7305518971777347,0.6828571779882032,0));
#801=DIRECTION('',(0.7936747823125858,-0.6083422884536873,0));
#802=FACE_SURFACE('',(#807),#803,.T.);
#803=PLANE('',#804);
#804=AXIS2_PLACEMENT_3D('',#128,#805,#806);
#805=DIRECTION('',(0,0,-1));
#806=DIRECTION('',(-0.9504390084361367,0.3109110664529866,0));
#807=FACE_BOUND('',#808,.T.);
#808=EDGE_LOOP('',(#809,#810,#811));
#809=ORIENTED_EDGE('',*,*,#812,.T.);
#810=ORIENTED_EDGE('',*,*,#813,.T.);
#811=ORIENTED_EDGE('',*,*,#814,.T.);
#812=EDGE_CURVE('',#129,#131,#815,.F.);
#813=EDGE_CURVE('',#131,#125,#816,.T.);
#814=EDGE_CURVE('',#125,#129,#817,.T.);
#815=LINE('',#128,#818);
#816=LINE('',#130,#819);
#817=LINE('',#124,#820);
#818=VECTOR('',#821,1.0);
#819=VECTOR('',#822,1.0);
#820=VECTOR('',#823,1.0);
#821=DIRECTION('',(-0.9504390084361367,0.3109110664529866,0));
#822=DIRECTION('',(-0.8622752059387658,0.5064399956789146,0));
#823=DIRECTION('',(0.9064255129002317,-0.4223657059510773,0));
#824=FACE_SURFACE('',(#829),#825,.T.);
#825=PLANE('',#826);
#826=AXIS2_PLACEMENT_3D('',#132,#827,#828);
#827=DIRECTION('',(0,0,-1));
#828=DIRECTION('',(-0.9945132405196463,0.10461077588428627,0));
#829=FACE_BOUND('',#830,.T.);
#830=EDGE_LOOP('',(#831,#832,#833));
#831=ORIENTED_EDGE('',*,*,#834,.T.);
#832=ORIENTED_EDGE('',*,*,#835,.T.);
#833=ORIENTED_EDGE('',*,*,#836,.T.);
#834=EDGE_CURVE('',#133,#135,#837,.F.);
#835=EDGE_CURVE('',#135,#129,#838,.T.);
#836=EDGE_CURVE('',#129,#133,#839,.T.);
#837=LINE('',#132,#840);
#838=LINE('',#134,#841);
#839=LINE('',#128,#842);
#840=VECTOR('',#843,1.0);
#841=VECTOR('',#844,1.0);
#842=VECTOR('',#845,1.0);
#843=DIRECTION('',(-0.9945132405196463,0.10461077588428627,0));
#844=DIRECTION('',(-0.9504417916921588,0.310902558054769,0));
#845=DIRECTION('',(0.9752396955140946,-0.2211504833672675,0));
#846=FACE_SURFACE('',(#851),#847,.T.);
#847=PLANE('',#848);
#848=AXIS2_PLACEMENT_3D('',#136,#849,#850);
#849=DIRECTION('',(0,0,-1));
#850=DIRECTION('',(-0.9999995303462954,0.0009691786153200692,0));
#851=FACE_BOUND('',#852,.T.);
#852=EDGE_LOOP('',(#853,#854,#855));
#853=ORIENTED_EDGE('',*,*,#856,.T.);
#854=ORIENTED_EDGE('',*,*,#857,.T.);
#855=ORIENTED_EDGE('',*,*,#858,.T.);
#856=EDGE_CURVE('',#137,#139,#859,.F.);
#857=EDGE_CURVE('',#139,#133,#860,.T.);
#858=EDGE_CURVE('',#133,#137,#861,.T.);
#859=LINE('',#136,#862);
#860=LINE('',#138,#863);
#861=LINE('',#132,#864);
#862=VECTOR('',#865,1.0);
#863=VECTOR('',#866,1.0);
#864=VECTOR('',#867,1.0);
#865=DIRECTION('',(-0.9999995303462954,0.0009691786153200692,0));
#866=DIRECTION('',(-0.9945147538072516,0.10459638836834542,0));
#867=DIRECTION('',(0.9999959746599244,-0.0028373691948273324,0));
#868=FACE_SURFACE('',(#873),#869,.T.);
#869=PLANE('',#870);
#870=AXIS2_PLACEMENT_3D('',#140,#871,#872);
#871=DIRECTION('',(0,0,-1));
#872=DIRECTION('',(-0.9925219158376112,-0.12206656619254068,0));
#873=FACE_BOUND('',#874,.T.);
#874=EDGE_LOOP('',(#875,#876,#877));
#875=ORIENTED_EDGE('',*,*,#878,.T.);
#876=ORIENTED_EDGE('',*,*,#879,.T.);
#877=ORIENTED_EDGE('',*,*,#880,.T.);
#878=EDGE_CURVE('',#141,#143,#881,.F.);
#879=EDGE_CURVE('',#143,#137,#882,.T.);
#880=EDGE_CURVE('',#137,#141,#883,.T.);
#881=LINE('',#140,#884);
#882=LINE('',#142,#885);
#883=LINE('',#136,#886);
#884=VECTOR('',#887,1.0);
#885=VECTOR('',#888,1.0);
#886=VECTOR('',#889,1.0);
#887=DIRECTION('',(-0.9925219158376112,-0.12206656619254068,0));
#888=DIRECTION('',(-0.9999995302573418,0.0009692703935314163,0));
#889=DIRECTION('',(0.9999987070832063,0.0016080522117987526,0));
#890=FACE_SURFACE('',(#895),#891,.T.);
#891=PLANE('',#892);
#892=AXIS2_PLACEMENT_3D('',#144,#893,#894);
#893=DIRECTION('',(0,0,-1));
#894=DIRECTION('',(-0.9325169971971277,-0.3611260859290731,0));
#895=FACE_BOUND('',#896,.T.);
#896=EDGE_LOOP('',(#897,#898,#899));
#897=ORIENTED_EDGE('',*,*,#900,.T.);
#898=ORIENTED_EDGE('',*,*,#901,.T.);
#899=ORIENTED_EDGE('',*,*,#902,.T.);
#900=EDGE_CURVE('',#145,#147,#903,.F.);
#901=EDGE_CURVE('',#147,#141,#904,.T.);
#902=EDGE_CURVE('',#141,#145,#905,.T.);
#903=LINE('',#144,#906);
#904=LINE('',#146,#907);
#905=LINE('',#140,#908);
#906=VECTOR('',#909,1.0);
#907=VECTOR('',#910,1.0);
#908=VECTOR('',#911,1.0);
#909=DIRECTION('',(-0.9325169971971277,-0.3611260859290731,0));
#910=DIRECTION('',(-0.992521744451064,-0.12206795972660753,0));
#911=DIRECTION('',(0.9700373321855291,0.24295590992272934,0));
#912=FACE_SURFACE('',(#917),#913,.T.);
#913=PLANE('',#914);
#914=AXIS2_PLACEMENT_3D('',#148,#915,#916);
#915=DIRECTION('',(0,0,-1));
#916=DIRECTION('',(-0.8126043696478246,-0.5828156985096246,0));
#917=FACE_BOUND('',#918,.T.);
#918=EDGE_LOOP('',(#919,#920,#921));
#919=ORIENTED_EDGE('',*,*,#922,.T.);
#920=ORIENTED_EDGE('',*,*,#923,.T.);
#921=ORIENTED_EDGE('',*,*,#924,.T.);
#922=EDGE_CURVE('',#149,#151,#925,.F.);
#923=EDGE_CURVE('',#151,#145,#926,.T.);
#924=EDGE_CURVE('',#145,#149,#927,.T.);
#925=LINE('',#148,#928);
#926=LINE('',#150,#929);
#927=LINE('',#144,#930);
#928=VECTOR('',#931,1.0);
#929=VECTOR('',#932,1.0);
#930=VECTOR('',#933,1.0);
#931=DIRECTION('',(-0.8126043696478246,-0.5828156985096246,0));
#932=DIRECTION('',(-0.9325210284341895,-0.3611156761039897,0));
#933=DIRECTION('',(0.8800212046730643,0.47493439475970656,0));
#934=FACE_SURFACE('',(#939),#935,.T.);
#935=PLANE('',#936);
#936=AXIS2_PLACEMENT_3D('',#48,#937,#938);
#937=DIRECTION('',(0,0,-1));
#938=DIRECTION('',(-0.6345179307206688,-0.7729081417568071,0));
#939=FACE_BOUND('',#940,.T.);
#940=EDGE_LOOP('',(#941,#942,#943));
#941=ORIENTED_EDGE('',*,*,#944,.T.);
#942=ORIENTED_EDGE('',*,*,#945,.T.);
#943=ORIENTED_EDGE('',*,*,#946,.T.);
#944=EDGE_CURVE('',#49,#153,#947,.F.);
#945=EDGE_CURVE('',#153,#149,#948,.T.);
#946=EDGE_CURVE('',#149,#49,#949,.T.);
#947=LINE('',#48,#950);
#948=LINE('',#152,#951);
#949=LINE('',#148,#952);
#950=VECTOR('',#953,1.0);
#951=VECTOR('',#954,1.0);
#952=VECTOR('',#955,1.0);
#953=DIRECTION('',(-0.6345179307206688,-0.7729081417568071,0));
#954=DIRECTION('',(-0.812604971175554,-0.582814859814656,0));
#955=DIRECTION('',(0.7413024197184699,0.6711711573954452,0));
#956=FACE_SURFACE('',(#961),#957,.T.);
#957=PLANE('',#958);
#958=AXIS2_PLACEMENT_3D('',#38,#959,#960);
#959=DIRECTION('',(0,0,-1));
#960=DIRECTION('',(-0.2374895475809919,-0.9713900940352316,0));
#961=FACE_BOUND('',#962,.T.);
#962=EDGE_LOOP('',(#963,#964,#965));
#963=ORIENTED_EDGE('',*,*,#966,.T.);
#964=ORIENTED_EDGE('',*,*,#967,.T.);
#965=ORIENTED_EDGE('',*,*,#968,.T.);
#966=EDGE_CURVE('',#39,#45,#969,.F.);
#967=EDGE_CURVE('',#45,#49,#970,.T.);
#968=EDGE_CURVE('',#49,#39,#971,.T.);
#969=LINE('',#38,#972);
#970=LINE('',#44,#973);
#971=LINE('',#48,#974);
#972=VECTOR('',#975,1.0);
#973=VECTOR('',#976,1.0);
#974=VECTOR('',#977,1.0);
#975=DIRECTION('',(-0.2374895475809919,-0.9713900940352316,0));
#976=DIRECTION('',(-0.5394007461660868,-0.8420491880142565,0));
#977=DIRECTION('',(0.36113527267381146,0.9325134394907195,0));
#978=FACE_SURFACE('',(#983),#979,.T.);
#979=PLANE('',#980);
#980=AXIS2_PLACEMENT_3D('',#52,#981,#982);
#981=DIRECTION('',(0,0,-1));
#982=DIRECTION('',(0.2754830492941119,-0.9613059292190066,0));
#983=FACE_BOUND('',#984,.T.);
#984=EDGE_LOOP('',(#985,#986,#987));
#985=ORIENTED_EDGE('',*,*,#988,.T.);
#986=ORIENTED_EDGE('',*,*,#989,.T.);
#987=ORIENTED_EDGE('',*,*,#990,.T.);
#988=EDGE_CURVE('',#53,#51,#991,.F.);
#989=EDGE_CURVE('',#51,#39,#992,.T.);
#990=EDGE_CURVE('',#39,#53,#993,.T.);
#991=LINE('',#52,#994);
#992=LINE('',#50,#995);
#993=LINE('',#38,#996);
#994=VECTOR('',#997,1.0);
#995=VECTOR('',#998,1.0);
#996=VECTOR('',#999,1.0);
#997=DIRECTION('',(0.2754830492941119,-0.9613059292190066,0));
#998=DIRECTION('',(0.0005287102145366718,-0.9999998602327448,0));
#999=DIRECTION('',(-0.002464500080926557,0.9999969631150641,0));
#1000=FACE_SURFACE('',(#1005),#1001,.T.);
#1001=PLANE('',#1002);
#1002=AXIS2_PLACEMENT_3D('',#60,#1003,#1004);
#1003=DIRECTION('',(0,0,-1));
#1004=DIRECTION('',(0.71961909925835,-0.6943690315549802,0));
#1005=FACE_BOUND('',#1006,.T.);
#1006=EDGE_LOOP('',(#1007,#1008,#1009));
#1007=ORIENTED_EDGE('',*,*,#1010,.T.);
#1008=ORIENTED_EDGE('',*,*,#1011,.T.);
#1009=ORIENTED_EDGE('',*,*,#1012,.T.);
#1010=EDGE_CURVE('',#61,#57,#1013,.F.);
#1011=EDGE_CURVE('',#57,#53,#1014,.T.);
#1012=EDGE_CURVE('',#53,#61,#1015,.T.);
#1013=LINE('',#60,#1016);
#1014=LINE('',#56,#1017);
#1015=LINE('',#52,#1018);
#1016=VECTOR('',#1019,1.0);
#1017=VECTOR('',#1020,1.0);
#1018=VECTOR('',#1021,1.0);
#1019=DIRECTION('',(0.71961909925835,-0.6943690315549802,0));
#1020=DIRECTION('',(0.5114309259763749,-0.8593243904108319,0));
#1021=DIRECTION('',(-0.6219232933735183,0.7830781679752263,0));
#1022=FACE_SURFACE('',(#1027),#1023,.T.);
#1023=PLANE('',#1024);
#1024=AXIS2_PLACEMENT_3D('',#68,#1025,#1026);
#1025=DIRECTION('',(0,0,-1));
#1026=DIRECTION('',(0.9662772676289635,-0.2575038680554226,0));
#1027=FACE_BOUND('',#1028,.T.);
#1028=EDGE_LOOP('',(#1029,#1030,#1031));
#1029=ORIENTED_EDGE('',*,*,#1032,.T.);
#1030=ORIENTED_EDGE('',*,*,#1033,.T.);
#1031=ORIENTED_EDGE('',*,*,#1034,.T.);
#1032=EDGE_CURVE('',#69,#65,#1035,.F.);
#1033=EDGE_CURVE('',#65,#61,#1036,.T.);
#1034=EDGE_CURVE('',#61,#69,#1037,.T.);
#1035=LINE('',#68,#1038);
#1036=LINE('',#64,#1039);
#1037=LINE('',#60,#1040);
#1038=VECTOR('',#1041,1.0);
#1039=VECTOR('',#1042,1.0);
#1040=VECTOR('',#1043,1.0);
#1041=DIRECTION('',(0.9662772676289635,-0.2575038680554226,0));
#1042=DIRECTION('',(0.8726289830699459,-0.488383719943972,0));
#1043=DIRECTION('',(-0.92695799085092,0.3751651412346645,0));
#1044=FACE_SURFACE('',(#1049),#1045,.T.);
#1045=PLANE('',#1046);
#1046=AXIS2_PLACEMENT_3D('',#76,#1047,#1048);
#1047=DIRECTION('',(0,0,-1));
#1048=DIRECTION('',(0.9999979674454524,0.0020162105455136404,0));
#1049=FACE_BOUND('',#1050,.T.);
#1050=EDGE_LOOP('',(#1051,#1052,#1053));
#1051=ORIENTED_EDGE('',*,*,#1054,.T.);
#1052=ORIENTED_EDGE('',*,*,#1055,.T.);
#1053=ORIENTED_EDGE('',*,*,#1056,.T.);
#1054=EDGE_CURVE('',#77,#73,#1057,.F.);
#1055=EDGE_CURVE('',#73,#69,#1058,.T.);
#1056=EDGE_CURVE('',#69,#77,#1059,.T.);
#1057=LINE('',#76,#1060);
#1058=LINE('',#72,#1061);
#1059=LINE('',#68,#1062);
#1060=VECTOR('',#1063,1.0);
#1061=VECTOR('',#1064,1.0);
#1062=VECTOR('',#1065,1.0);
#1063=DIRECTION('',(0.9999979674454524,0.0020162105455136404,0));
#1064=DIRECTION('',(0.9999947301188012,-0.0032464957455524877,0));
#1065=DIRECTION('',(-0.9999999519791771,0.00030990586236593254,0));
#1066=FACE_SURFACE('',(#1071),#1067,.T.);
#1067=PLANE('',#1068);
#1068=AXIS2_PLACEMENT_3D('',#84,#1069,#1070);
#1069=DIRECTION('',(0,0,-1));
#1070=DIRECTION('',(0.8872287988870688,0.46132966350041804,0));
#1071=FACE_BOUND('',#1072,.T.);
#1072=EDGE_LOOP('',(#1073,#1074,#1075));
#1073=ORIENTED_EDGE('',*,*,#1076,.T.);
#1074=ORIENTED_EDGE('',*,*,#1077,.T.);
#1075=ORIENTED_EDGE('',*,*,#1078,.T.);
#1076=EDGE_CURVE('',#85,#81,#1079,.F.);
#1077=EDGE_CURVE('',#81,#77,#1080,.T.);
#1078=EDGE_CURVE('',#77,#85,#1081,.T.);
#1079=LINE('',#84,#1082);
#1080=LINE('',#80,#1083);
#1081=LINE('',#76,#1084);
#1082=VECTOR('',#1085,1.0);
#1083=VECTOR('',#1086,1.0);
#1084=VECTOR('',#1087,1.0);
#1085=DIRECTION('',(0.8872287988870688,0.46132966350041804,0));
#1086=DIRECTION('',(0.9735760717138416,0.22836294048344333,0));
#1087=DIRECTION('',(-0.9379129294326279,-0.3468707782490567,0));
#1088=FACE_SURFACE('',(#1093),#1089,.T.);
#1089=PLANE('',#1090);
#1090=AXIS2_PLACEMENT_3D('',#92,#1091,#1092);
#1091=DIRECTION('',(0,0,-1));
#1092=DIRECTION('',(0.5394068513989139,0.8420452770866362,0));
#1093=FACE_BOUND('',#1094,.T.);
#1094=EDGE_LOOP('',(#1095,#1096,#1097));
#1095=ORIENTED_EDGE('',*,*,#1098,.T.);
#1096=ORIENTED_EDGE('',*,*,#1099,.T.);
#1097=ORIENTED_EDGE('',*,*,#1100,.T.);
#1098=EDGE_CURVE('',#93,#89,#1101,.F.);
#1099=EDGE_CURVE('',#89,#85,#1102,.T.);
#1100=EDGE_CURVE('',#85,#93,#1103,.T.);
#1101=LINE('',#92,#1104);
#1102=LINE('',#88,#1105);
#1103=LINE('',#84,#1106);
#1104=VECTOR('',#1107,1.0);
#1105=VECTOR('',#1108,1.0);
#1106=VECTOR('',#1109,1.0);
#1107=DIRECTION('',(0.5394068513989139,0.8420452770866362,0));
#1108=DIRECTION('',(0.7413080410725543,0.6711649486088886,0));
#1109=DIRECTION('',(-0.64691008583124,-0.7625662862006278,0));
#1110=FACE_SURFACE('',(#1115),#1111,.T.);
#1111=PLANE('',#1112);
#1112=AXIS2_PLACEMENT_3D('',#100,#1113,#1114);
#1113=DIRECTION('',(0,0,-1));
#1114=DIRECTION('',(0.001767237253187961,0.9999984384350262,0));
#1115=FACE_BOUND('',#1116,.T.);
#1116=EDGE_LOOP('',(#1117,#1118,#1119));
#1117=ORIENTED_EDGE('',*,*,#1120,.T.);
#1118=ORIENTED_EDGE('',*,*,#1121,.T.);
#1119=ORIENTED_EDGE('',*,*,#1122,.T.);
#1120=EDGE_CURVE('',#101,#97,#1123,.F.);
#1121=EDGE_CURVE('',#97,#93,#1124,.T.);
#1122=EDGE_CURVE('',#93,#101,#1125,.T.);
#1123=LINE('',#100,#1126);
#1124=LINE('',#96,#1127);
#1125=LINE('',#92,#1128);
#1126=VECTOR('',#1129,1.0);
#1127=VECTOR('',#1130,1.0);
#1128=VECTOR('',#1131,1.0);
#1129=DIRECTION('',(0.001767237253187961,0.9999984384350262,0));
#1130=DIRECTION('',(0.2917578402459184,0.9564922177702425,0));
#1131=DIRECTION('',(-0.007020693922040553,-0.9999753546247292,0));
#1132=FACE_SURFACE('',(#1137),#1133,.T.);
#1133=PLANE('',#1134);
#1134=AXIS2_PLACEMENT_3D('',#108,#1135,#1136);
#1135=DIRECTION('',(0,0,-1));
#1136=DIRECTION('',(-0.05197879984297032,0.9986481884862578,0));
#1137=FACE_BOUND('',#1138,.T.);
#1138=EDGE_LOOP('',(#1139,#1140,#1141));
#1139=ORIENTED_EDGE('',*,*,#1142,.T.);
#1140=ORIENTED_EDGE('',*,*,#1143,.T.);
#1141=ORIENTED_EDGE('',*,*,#1144,.T.);
#1142=EDGE_CURVE('',#109,#105,#1145,.F.);
#1143=EDGE_CURVE('',#105,#101,#1146,.T.);
#1144=EDGE_CURVE('',#101,#109,#1147,.T.);
#1145=LINE('',#108,#1148);
#1146=LINE('',#104,#1149);
#1147=LINE('',#100,#1150);
#1148=VECTOR('',#1151,1.0);
#1149=VECTOR('',#1152,1.0);
#1150=VECTOR('',#1153,1.0);
#1151=DIRECTION('',(-0.05197879984297032,0.9986481884862578,0));
#1152=DIRECTION('',(0.0003220622719657087,0.9999999481379451,0));
#1153=DIRECTION('',(0.000507300109131861,-0.9999998713232914,0));
#1154=FACE_SURFACE('',(#1159),#1155,.T.);
#1155=PLANE('',#1156);
#1156=AXIS2_PLACEMENT_3D('',#116,#1157,#1158);
#1157=DIRECTION('',(0,0,-1));
#1158=DIRECTION('',(-0.4452427916585677,0.895409881828476,0));
#1159=FACE_BOUND('',#1160,.T.);
#1160=EDGE_LOOP('',(#1161,#1162,#1163));
#1161=ORIENTED_EDGE('',*,*,#1164,.T.);
#1162=ORIENTED_EDGE('',*,*,#1165,.T.);
#1163=ORIENTED_EDGE('',*,*,#1166,.T.);
#1164=EDGE_CURVE('',#117,#113,#1167,.F.);
#1165=EDGE_CURVE('',#113,#109,#1168,.T.);
#1166=EDGE_CURVE('',#109,#117,#1169,.T.);
#1167=LINE('',#116,#1170);
#1168=LINE('',#112,#1171);
#1169=LINE('',#108,#1172);
#1170=VECTOR('',#1173,1.0);
#1171=VECTOR('',#1174,1.0);
#1172=VECTOR('',#1175,1.0);
#1173=DIRECTION('',(-0.4452427916585677,0.895409881828476,0));
#1174=DIRECTION('',(-0.2371684682875664,0.9714685366238732,0));
#1175=DIRECTION('',(0.3505305065689544,-0.9365513141117855,0));
#1176=FACE_SURFACE('',(#1181),#1177,.T.);
#1177=PLANE('',#1178);
#1178=AXIS2_PLACEMENT_3D('',#124,#1179,#1180);
#1179=DIRECTION('',(0,0,-1));
#1180=DIRECTION('',(-0.7936747823125858,0.6083422884536873,0));
#1181=FACE_BOUND('',#1182,.T.);
#1182=EDGE_LOOP('',(#1183,#1184,#1185));
#1183=ORIENTED_EDGE('',*,*,#1186,.T.);
#1184=ORIENTED_EDGE('',*,*,#1187,.T.);
#1185=ORIENTED_EDGE('',*,*,#1188,.T.);
#1186=EDGE_CURVE('',#125,#121,#1189,.F.);
#1187=EDGE_CURVE('',#121,#117,#1190,.T.);
#1188=EDGE_CURVE('',#117,#125,#1191,.T.);
#1189=LINE('',#124,#1192);
#1190=LINE('',#120,#1193);
#1191=LINE('',#116,#1194);
#1192=VECTOR('',#1195,1.0);
#1193=VECTOR('',#1196,1.0);
#1194=VECTOR('',#1197,1.0);
#1195=DIRECTION('',(-0.7936747823125858,0.6083422884536873,0));
#1196=DIRECTION('',(-0.638465552257522,0.7696504002340917,0));
#1197=DIRECTION('',(0.7211848009340253,-0.6927427248999086,0));
#1198=FACE_SURFACE('',(#1203),#1199,.T.);
#1199=PLANE('',#1200);
#1200=AXIS2_PLACEMENT_3D('',#132,#1201,#1202);
#1201=DIRECTION('',(0,0,-1));
#1202=DIRECTION('',(-0.9752396955140946,0.2211504833672675,0));
#1203=FACE_BOUND('',#1204,.T.);
#1204=EDGE_LOOP('',(#1205,#1206,#1207));
#1205=ORIENTED_EDGE('',*,*,#1208,.T.);
#1206=ORIENTED_EDGE('',*,*,#1209,.T.);
#1207=ORIENTED_EDGE('',*,*,#1210,.T.);
#1208=EDGE_CURVE('',#133,#129,#1211,.F.);
#1209=EDGE_CURVE('',#129,#125,#1212,.T.);
#1210=EDGE_CURVE('',#125,#133,#1213,.T.);
#1211=LINE('',#132,#1214);
#1212=LINE('',#128,#1215);
#1213=LINE('',#124,#1216);
#1214=VECTOR('',#1217,1.0);
#1215=VECTOR('',#1218,1.0);
#1216=VECTOR('',#1219,1.0);
#1217=DIRECTION('',(-0.9752396955140946,0.2211504833672675,0));
#1218=DIRECTION('',(-0.9064255129002317,0.4223657059510773,0));
#1219=DIRECTION('',(0.9463555610892264,-0.32312714524703035,0));
#1220=FACE_SURFACE('',(#1225),#1221,.T.);
#1221=PLANE('',#1222);
#1222=AXIS2_PLACEMENT_3D('',#140,#1223,#1224);
#1223=DIRECTION('',(-0,0,-1));
#1224=DIRECTION('',(-0.9999987070832063,-0.0016080522117987526,0));
#1225=FACE_BOUND('',#1226,.T.);
#1226=EDGE_LOOP('',(#1227,#1228,#1229));
#1227=ORIENTED_EDGE('',*,*,#1230,.T.);
#1228=ORIENTED_EDGE('',*,*,#1231,.T.);
#1229=ORIENTED_EDGE('',*,*,#1232,.T.);
#1230=EDGE_CURVE('',#141,#137,#1233,.F.);
#1231=EDGE_CURVE('',#137,#133,#1234,.T.);
#1232=EDGE_CURVE('',#133,#141,#1235,.T.);
#1233=LINE('',#140,#1236);
#1234=LINE('',#136,#1237);
#1235=LINE('',#132,#1238);
#1236=VECTOR('',#1239,1.0);
#1237=VECTOR('',#1240,1.0);
#1238=VECTOR('',#1241,1.0);
#1239=DIRECTION('',(-0.9999987070832063,-0.0016080522117987526,0));
#1240=DIRECTION('',(-0.9999959746599244,0.0028373691948273324,0));
#1241=DIRECTION('',(0.9999996123630255,-0.0008804963366123911,0));
#1242=FACE_SURFACE('',(#1247),#1243,.T.);
#1243=PLANE('',#1244);
#1244=AXIS2_PLACEMENT_3D('',#148,#1245,#1246);
#1245=DIRECTION('',(0,0,-1));
#1246=DIRECTION('',(-0.8800212046730643,-0.47493439475970656,0));
#1247=FACE_BOUND('',#1248,.T.);
#1248=EDGE_LOOP('',(#1249,#1250,#1251));
#1249=ORIENTED_EDGE('',*,*,#1252,.T.);
#1250=ORIENTED_EDGE('',*,*,#1253,.T.);
#1251=ORIENTED_EDGE('',*,*,#1254,.T.);
#1252=EDGE_CURVE('',#149,#145,#1255,.F.);
#1253=EDGE_CURVE('',#145,#141,#1256,.T.);
#1254=EDGE_CURVE('',#141,#149,#1257,.T.);
#1255=LINE('',#148,#1258);
#1256=LINE('',#144,#1259);
#1257=LINE('',#140,#1260);
#1258=VECTOR('',#1261,1.0);
#1259=VECTOR('',#1262,1.0);
#1260=VECTOR('',#1263,1.0);
#1261=DIRECTION('',(-0.8800212046730643,-0.47493439475970656,0));
#1262=DIRECTION('',(-0.9700373321855291,-0.24295590992272934,0));
#1263=DIRECTION('',(0.9379087587305195,0.3468820553107007,0));
#1264=FACE_SURFACE('',(#1269),#1265,.T.);
#1265=PLANE('',#1266);
#1266=AXIS2_PLACEMENT_3D('',#38,#1267,#1268);
#1267=DIRECTION('',(0,0,-1));
#1268=DIRECTION('',(-0.36113527267381146,-0.9325134394907195,0));
#1269=FACE_BOUND('',#1270,.T.);
#1270=EDGE_LOOP('',(#1271,#1272,#1273));
#1271=ORIENTED_EDGE('',*,*,#1274,.T.);
#1272=ORIENTED_EDGE('',*,*,#1275,.T.);
#1273=ORIENTED_EDGE('',*,*,#1276,.T.);
#1274=EDGE_CURVE('',#39,#49,#1277,.F.);
#1275=EDGE_CURVE('',#49,#149,#1278,.T.);
#1276=EDGE_CURVE('',#149,#39,#1279,.T.);
#1277=LINE('',#38,#1280);
#1278=LINE('',#48,#1281);
#1279=LINE('',#148,#1282);
#1280=VECTOR('',#1283,1.0);
#1281=VECTOR('',#1284,1.0);
#1282=VECTOR('',#1285,1.0);
#1283=DIRECTION('',(-0.36113527267381146,-0.9325134394907195,0));
#1284=DIRECTION('',(-0.7413024197184699,-0.6711711573954452,0));
#1285=DIRECTION('',(0.48158269700285494,0.8764006537808244,0));
#1286=FACE_SURFACE('',(#1291),#1287,.T.);
#1287=PLANE('',#1288);
#1288=AXIS2_PLACEMENT_3D('',#60,#1289,#1290);
#1289=DIRECTION('',(0,0,-1));
#1290=DIRECTION('',(0.6219232933735183,-0.7830781679752263,0));
#1291=FACE_BOUND('',#1292,.T.);
#1292=EDGE_LOOP('',(#1293,#1294,#1295));
#1293=ORIENTED_EDGE('',*,*,#1296,.T.);
#1294=ORIENTED_EDGE('',*,*,#1297,.T.);
#1295=ORIENTED_EDGE('',*,*,#1298,.T.);
#1296=EDGE_CURVE('',#61,#53,#1299,.F.);
#1297=EDGE_CURVE('',#53,#39,#1300,.T.);
#1298=EDGE_CURVE('',#39,#61,#1301,.T.);
#1299=LINE('',#60,#1302);
#1300=LINE('',#52,#1303);
#1301=LINE('',#38,#1304);
#1302=VECTOR('',#1305,1.0);
#1303=VECTOR('',#1306,1.0);
#1304=VECTOR('',#1307,1.0);
#1305=DIRECTION('',(0.6219232933735183,-0.7830781679752263,0));
#1306=DIRECTION('',(0.002464500080926557,-0.9999969631150641,0));
#1307=DIRECTION('',(-0.012386851988135682,0.9999232800059333,0));
#1308=FACE_SURFACE('',(#1313),#1309,.T.);
#1309=PLANE('',#1310);
#1310=AXIS2_PLACEMENT_3D('',#76,#1311,#1312);
#1311=DIRECTION('',(0,0,-1));
#1312=DIRECTION('',(0.9999999519791771,-0.00030990586236593254,0));
#1313=FACE_BOUND('',#1314,.T.);
#1314=EDGE_LOOP('',(#1315,#1316,#1317));
#1315=ORIENTED_EDGE('',*,*,#1318,.T.);
#1316=ORIENTED_EDGE('',*,*,#1319,.T.);
#1317=ORIENTED_EDGE('',*,*,#1320,.T.);
#1318=EDGE_CURVE('',#77,#69,#1321,.F.);
#1319=EDGE_CURVE('',#69,#61,#1322,.T.);
#1320=EDGE_CURVE('',#61,#77,#1323,.T.);
#1321=LINE('',#76,#1324);
#1322=LINE('',#68,#1325);
#1323=LINE('',#60,#1326);
#1324=VECTOR('',#1327,1.0);
#1325=VECTOR('',#1328,1.0);
#1326=VECTOR('',#1329,1.0);
#1327=DIRECTION('',(0.9999999519791771,-0.00030990586236593254,0));
#1328=DIRECTION('',(0.92695799085092,-0.3751651412346645,0));
#1329=DIRECTION('',(-0.9998865813194033,0.015060693788668374,0));
#1330=FACE_SURFACE('',(#1335),#1331,.T.);
#1331=PLANE('',#1332);
#1332=AXIS2_PLACEMENT_3D('',#92,#1333,#1334);
#1333=DIRECTION('',(0,0,-1));
#1334=DIRECTION('',(0.64691008583124,0.7625662862006278,0));
#1335=FACE_BOUND('',#1336,.T.);
#1336=EDGE_LOOP('',(#1337,#1338,#1339));
#1337=ORIENTED_EDGE('',*,*,#1340,.T.);
#1338=ORIENTED_EDGE('',*,*,#1341,.T.);
#1339=ORIENTED_EDGE('',*,*,#1342,.T.);
#1340=EDGE_CURVE('',#93,#85,#1343,.F.);
#1341=EDGE_CURVE('',#85,#77,#1344,.T.);
#1342=EDGE_CURVE('',#77,#93,#1345,.T.);
#1343=LINE('',#92,#1346);
#1344=LINE('',#84,#1347);
#1345=LINE('',#76,#1348);
#1346=VECTOR('',#1349,1.0);
#1347=VECTOR('',#1350,1.0);
#1348=VECTOR('',#1351,1.0);
#1349=DIRECTION('',(0.64691008583124,0.7625662862006278,0));
#1350=DIRECTION('',(0.9379129294326279,0.3468707782490567,0));
#1351=DIRECTION('',(-0.8215980110687547,-0.5700672839304727,0));
#1352=FACE_SURFACE('',(#1357),#1353,.T.);
#1353=PLANE('',#1354);
#1354=AXIS2_PLACEMENT_3D('',#108,#1355,#1356);
#1355=DIRECTION('',(0,0,-1));
#1356=DIRECTION('',(-0.000507300109131861,0.9999998713232914,0));
#1357=FACE_BOUND('',#1358,.T.);
#1358=EDGE_LOOP('',(#1359,#1360,#1361));
#1359=ORIENTED_EDGE('',*,*,#1362,.T.);
#1360=ORIENTED_EDGE('',*,*,#1363,.T.);
#1361=ORIENTED_EDGE('',*,*,#1364,.T.);
#1362=EDGE_CURVE('',#109,#101,#1365,.F.);
#1363=EDGE_CURVE('',#101,#93,#1366,.T.);
#1364=EDGE_CURVE('',#93,#109,#1367,.T.);
#1365=LINE('',#108,#1368);
#1366=LINE('',#100,#1369);
#1367=LINE('',#92,#1370);
#1368=VECTOR('',#1371,1.0);
#1369=VECTOR('',#1372,1.0);
#1370=VECTOR('',#1373,1.0);
#1371=DIRECTION('',(-0.000507300109131861,0.9999998713232914,0));
#1372=DIRECTION('',(0.007020693922040553,0.9999753546247292,0));
#1373=DIRECTION('',(-0.0028097924197222463,-0.9999960525254877,0));
#1374=FACE_SURFACE('',(#1379),#1375,.T.);
#1375=PLANE('',#1376);
#1376=AXIS2_PLACEMENT_3D('',#124,#1377,#1378);
#1377=DIRECTION('',(0,0,-1));
#1378=DIRECTION('',(-0.7211848009340253,0.6927427248999086,0));
#1379=FACE_BOUND('',#1380,.T.);
#1380=EDGE_LOOP('',(#1381,#1382,#1383));
#1381=ORIENTED_EDGE('',*,*,#1384,.T.);
#1382=ORIENTED_EDGE('',*,*,#1385,.T.);
#1383=ORIENTED_EDGE('',*,*,#1386,.T.);
#1384=EDGE_CURVE('',#125,#117,#1387,.F.);
#1385=EDGE_CURVE('',#117,#109,#1388,.T.);
#1386=EDGE_CURVE('',#109,#125,#1389,.T.);
#1387=LINE('',#124,#1390);
#1388=LINE('',#116,#1391);
#1389=LINE('',#108,#1392);
#1390=VECTOR('',#1393,1.0);
#1391=VECTOR('',#1394,1.0);
#1392=VECTOR('',#1395,1.0);
#1393=DIRECTION('',(-0.7211848009340253,0.6927427248999086,0));
#1394=DIRECTION('',(-0.3505305065689544,0.9365513141117855,0));
#1395=DIRECTION('',(0.5578635294182791,-0.8299326975996191,0));
#1396=FACE_SURFACE('',(#1401),#1397,.T.);
#1397=PLANE('',#1398);
#1398=AXIS2_PLACEMENT_3D('',#140,#1399,#1400);
#1399=DIRECTION('',(0,0,-1));
#1400=DIRECTION('',(-0.9999996123630255,0.0008804963366123911,0));
#1401=FACE_BOUND('',#1402,.T.);
#1402=EDGE_LOOP('',(#1403,#1404,#1405));
#1403=ORIENTED_EDGE('',*,*,#1406,.T.);
#1404=ORIENTED_EDGE('',*,*,#1407,.T.);
#1405=ORIENTED_EDGE('',*,*,#1408,.T.);
#1406=EDGE_CURVE('',#141,#133,#1409,.F.);
#1407=EDGE_CURVE('',#133,#125,#1410,.T.);
#1408=EDGE_CURVE('',#125,#141,#1411,.T.);
#1409=LINE('',#140,#1412);
#1410=LINE('',#132,#1413);
#1411=LINE('',#124,#1414);
#1412=VECTOR('',#1415,1.0);
#1413=VECTOR('',#1416,1.0);
#1414=VECTOR('',#1417,1.0);
#1415=DIRECTION('',(-0.9999996123630255,0.0008804963366123911,0));
#1416=DIRECTION('',(-0.9463555610892264,0.32312714524703035,0));
#1417=DIRECTION('',(0.9999292385466185,-0.011896129605028666,0));
#1418=FACE_SURFACE('',(#1423),#1419,.T.);
#1419=PLANE('',#1420);
#1420=AXIS2_PLACEMENT_3D('',#38,#1421,#1422);
#1421=DIRECTION('',(0,0,-1));
#1422=DIRECTION('',(-0.48158269700285494,-0.8764006537808244,0));
#1423=FACE_BOUND('',#1424,.T.);
#1424=EDGE_LOOP('',(#1425,#1426,#1427));
#1425=ORIENTED_EDGE('',*,*,#1428,.T.);
#1426=ORIENTED_EDGE('',*,*,#1429,.T.);
#1427=ORIENTED_EDGE('',*,*,#1430,.T.);
#1428=EDGE_CURVE('',#39,#149,#1431,.F.);
#1429=EDGE_CURVE('',#149,#141,#1432,.T.);
#1430=EDGE_CURVE('',#141,#39,#1433,.T.);
#1431=LINE('',#38,#1434);
#1432=LINE('',#148,#1435);
#1433=LINE('',#140,#1436);
#1434=VECTOR('',#1437,1.0);
#1435=VECTOR('',#1438,1.0);
#1436=VECTOR('',#1439,1.0);
#1437=DIRECTION('',(-0.48158269700285494,-0.8764006537808244,0));
#1438=DIRECTION('',(-0.9379087587305195,-0.3468820553107007,0));
#1439=DIRECTION('',(0.693471588345809,0.7204839735602319,0));
#1440=FACE_SURFACE('',(#1445),#1441,.T.);
#1441=PLANE('',#1442);
#1442=AXIS2_PLACEMENT_3D('',#76,#1443,#1444);
#1443=DIRECTION('',(0,0,-1));
#1444=DIRECTION('',(0.9998865813194033,-0.015060693788668374,0));
#1445=FACE_BOUND('',#1446,.T.);
#1446=EDGE_LOOP('',(#1447,#1448,#1449));
#1447=ORIENTED_EDGE('',*,*,#1450,.T.);
#1448=ORIENTED_EDGE('',*,*,#1451,.T.);
#1449=ORIENTED_EDGE('',*,*,#1452,.T.);
#1450=EDGE_CURVE('',#77,#61,#1453,.F.);
#1451=EDGE_CURVE('',#61,#39,#1454,.T.);
#1452=EDGE_CURVE('',#39,#77,#1455,.T.);
#1453=LINE('',#76,#1456);
#1454=LINE('',#60,#1457);
#1455=LINE('',#38,#1458);
#1456=VECTOR('',#1459,1.0);
#1457=VECTOR('',#1460,1.0);
#1458=VECTOR('',#1461,1.0);
#1459=DIRECTION('',(0.9998865813194033,-0.015060693788668374,0));
#1460=DIRECTION('',(0.012386851988135682,-0.9999232800059333,0));
#1461=DIRECTION('',(-0.3948554305502528,0.9187432660787095,0));
#1462=FACE_SURFACE('',(#1467),#1463,.T.);
#1463=PLANE('',#1464);
#1464=AXIS2_PLACEMENT_3D('',#108,#1465,#1466);
#1465=DIRECTION('',(0,0,-1));
#1466=DIRECTION('',(0.0028097924197222463,0.9999960525254877,0));
#1467=FACE_BOUND('',#1468,.T.);
#1468=EDGE_LOOP('',(#1469,#1470,#1471));
#1469=ORIENTED_EDGE('',*,*,#1472,.T.);
#1470=ORIENTED_EDGE('',*,*,#1473,.T.);
#1471=ORIENTED_EDGE('',*,*,#1474,.T.);
#1472=EDGE_CURVE('',#109,#93,#1475,.F.);
#1473=EDGE_CURVE('',#93,#77,#1476,.T.);
#1474=EDGE_CURVE('',#77,#109,#1477,.T.);
#1475=LINE('',#108,#1478);
#1476=LINE('',#92,#1479);
#1477=LINE('',#76,#1480);
#1478=VECTOR('',#1481,1.0);
#1479=VECTOR('',#1482,1.0);
#1480=VECTOR('',#1483,1.0);
#1481=DIRECTION('',(0.0028097924197222463,0.9999960525254877,0));
#1482=DIRECTION('',(0.8215980110687547,0.5700672839304727,0));
#1483=DIRECTION('',(-0.028402745931544487,-0.9995965606301115,0));
#1484=FACE_SURFACE('',(#1489),#1485,.T.);
#1485=PLANE('',#1486);
#1486=AXIS2_PLACEMENT_3D('',#140,#1487,#1488);
#1487=DIRECTION('',(0,0,-1));
#1488=DIRECTION('',(-0.9999292385466185,0.011896129605028666,0));
#1489=FACE_BOUND('',#1490,.T.);
#1490=EDGE_LOOP('',(#1491,#1492,#1493));
#1491=ORIENTED_EDGE('',*,*,#1494,.T.);
#1492=ORIENTED_EDGE('',*,*,#1495,.T.);
#1493=ORIENTED_EDGE('',*,*,#1496,.T.);
#1494=EDGE_CURVE('',#141,#125,#1497,.F.);
#1495=EDGE_CURVE('',#125,#109,#1498,.T.);
#1496=EDGE_CURVE('',#109,#141,#1499,.T.);
#1497=LINE('',#140,#1500);
#1498=LINE('',#124,#1501);
#1499=LINE('',#108,#1502);
#1500=VECTOR('',#1503,1.0);
#1501=VECTOR('',#1504,1.0);
#1502=VECTOR('',#1505,1.0);
#1503=DIRECTION('',(-0.9999292385466185,0.011896129605028666,0));
#1504=DIRECTION('',(-0.5578635294182791,0.8299326975996191,0));
#1505=DIRECTION('',(0.9981202032426902,-0.06128670229969081,0));
#1506=FACE_SURFACE('',(#1511),#1507,.T.);
#1507=PLANE('',#1508);
#1508=AXIS2_PLACEMENT_3D('',#76,#1509,#1510);
#1509=DIRECTION('',(0,0,-1));
#1510=DIRECTION('',(0.3948554305502528,-0.9187432660787095,0));
#1511=FACE_BOUND('',#1512,.T.);
#1512=EDGE_LOOP('',(#1513,#1514,#1515));
#1513=ORIENTED_EDGE('',*,*,#1516,.T.);
#1514=ORIENTED_EDGE('',*,*,#1517,.T.);
#1515=ORIENTED_EDGE('',*,*,#1518,.T.);
#1516=EDGE_CURVE('',#77,#39,#1519,.F.);
#1517=EDGE_CURVE('',#39,#141,#1520,.T.);
#1518=EDGE_CURVE('',#141,#77,#1521,.T.);
#1519=LINE('',#76,#1522);
#1520=LINE('',#38,#1523);
#1521=LINE('',#140,#1524);
#1522=VECTOR('',#1525,1.0);
#1523=VECTOR('',#1526,1.0);
#1524=VECTOR('',#1527,1.0);
#1525=DIRECTION('',(0.3948554305502528,-0.9187432660787095,0));
#1526=DIRECTION('',(-0.693471588345809,-0.7204839735602319,0));
#1527=DIRECTION('',(-0.3629655082381978,0.931802575564903,0));
#1528=FACE_SURFACE('',(#1533),#1529,.T.);
#1529=PLANE('',#1530);
#1530=AXIS2_PLACEMENT_3D('',#140,#1531,#1532);
#1531=DIRECTION('',(0,0,-1));
#1532=DIRECTION('',(-0.9981202032426902,0.06128670229969081,0));
#1533=FACE_BOUND('',#1534,.T.);
#1534=EDGE_LOOP('',(#1535,#1536,#1537));
#1535=ORIENTED_EDGE('',*,*,#1538,.T.);
#1536=ORIENTED_EDGE('',*,*,#1539,.T.);
#1537=ORIENTED_EDGE('',*,*,#1540,.T.);
#1538=EDGE_CURVE('',#141,#109,#1541,.F.);
#1539=EDGE_CURVE('',#109,#77,#1542,.T.);
#1540=EDGE_CURVE('',#77,#141,#1543,.T.);
#1541=LINE('',#140,#1544);
#1542=LINE('',#108,#1545);
#1543=LINE('',#76,#1546);
#1544=VECTOR('',#1547,1.0);
#1545=VECTOR('',#1548,1.0);
#1546=VECTOR('',#1549,1.0);
#1547=DIRECTION('',(-0.9981202032426902,0.06128670229969081,0));
#1548=DIRECTION('',(0.028402745931544487,0.9995965606301115,0));
#1549=DIRECTION('',(0.3629655082381978,-0.931802575564903,0));
#1550=FACE_SURFACE('',(#1555),#1551,.T.);
#1551=PLANE('',#1552);
#1552=AXIS2_PLACEMENT_3D('',#154,#1553,#1554);
#1553=DIRECTION('',(0,0,1));
#1554=DIRECTION('',(-0.4052067735378181,-0.914225065658928,0));
#1555=FACE_BOUND('',#1556,.T.);
#1556=EDGE_LOOP('',(#1557,#1558,#1559));
#1557=ORIENTED_EDGE('',*,*,#1560,.T.);
#1558=ORIENTED_EDGE('',*,*,#1561,.T.);
#1559=ORIENTED_EDGE('',*,*,#1562,.T.);
#1560=EDGE_CURVE('',#155,#157,#1563,.F.);
#1561=EDGE_CURVE('',#157,#159,#1564,.T.);
#1562=EDGE_CURVE('',#159,#155,#1565,.T.);
#1563=LINE('',#154,#1566);
#1564=LINE('',#156,#1567);
#1565=LINE('',#158,#1568);
#1566=VECTOR('',#1569,1.0);
#1567=VECTOR('',#1570,1.0);
#1568=VECTOR('',#1571,1.0);
#1569=DIRECTION('',(-0.4052067735378181,-0.914225065658928,0));
#1570=DIRECTION('',(-0.13940134633089596,-0.9902359641222559,0));
#1571=DIRECTION('',(0.20980877695304648,0.9777424390469438,0));
#1572=FACE_SURFACE('',(#1577),#1573,.T.);
#1573=PLANE('',#1574);
#1574=AXIS2_PLACEMENT_3D('',#158,#1575,#1576);
#1575=DIRECTION('',(0,0,1));
#1576=DIRECTION('',(-0.1393825438244723,-0.9902386108797309,0));
#1577=FACE_BOUND('',#1578,.T.);
#1578=EDGE_LOOP('',(#1579,#1580,#1581));
#1579=ORIENTED_EDGE('',*,*,#1582,.T.);
#1580=ORIENTED_EDGE('',*,*,#1583,.T.);
#1581=ORIENTED_EDGE('',*,*,#1584,.T.);
#1582=EDGE_CURVE('',#159,#161,#1585,.F.);
#1583=EDGE_CURVE('',#161,#163,#1586,.T.);
#1584=EDGE_CURVE('',#163,#159,#1587,.T.);
#1585=LINE('',#158,#1588);
#1586=LINE('',#160,#1589);
#1587=LINE('',#162,#1590);
#1588=VECTOR('',#1591,1.0);
#1589=VECTOR('',#1592,1.0);
#1590=VECTOR('',#1593,1.0);
#1591=DIRECTION('',(-0.1393825438244723,-0.9902386108797309,0));
#1592=DIRECTION('',(-0.0003243847608061505,-0.999999947387262,0));
#1593=DIRECTION('',(0.0007192117916045136,0.999999741367166,0));
#1594=FACE_SURFACE('',(#1599),#1595,.T.);
#1595=PLANE('',#1596);
#1596=AXIS2_PLACEMENT_3D('',#162,#1597,#1598);
#1597=DIRECTION('',(0,0,1));
#1598=DIRECTION('',(-0.0003243506729205971,-0.9999999473983191,0));
#1599=FACE_BOUND('',#1600,.T.);
#1600=EDGE_LOOP('',(#1601,#1602,#1603));
#1601=ORIENTED_EDGE('',*,*,#1604,.T.);
#1602=ORIENTED_EDGE('',*,*,#1605,.T.);
#1603=ORIENTED_EDGE('',*,*,#1606,.T.);
#1604=EDGE_CURVE('',#163,#165,#1607,.F.);
#1605=EDGE_CURVE('',#165,#167,#1608,.T.);
#1606=EDGE_CURVE('',#167,#163,#1609,.T.);
#1607=LINE('',#162,#1610);
#1608=LINE('',#164,#1611);
#1609=LINE('',#166,#1612);
#1610=VECTOR('',#1613,1.0);
#1611=VECTOR('',#1614,1.0);
#1612=VECTOR('',#1615,1.0);
#1613=DIRECTION('',(-0.0003243506729205971,-0.9999999473983191,0));
#1614=DIRECTION('',(0,-1,0));
#1615=DIRECTION('',(0.00031595075515583154,0.9999999500875589,0));
#1616=FACE_SURFACE('',(#1621),#1617,.T.);
#1617=PLANE('',#1618);
#1618=AXIS2_PLACEMENT_3D('',#166,#1619,#1620);
#1619=DIRECTION('',(0,0,1));
#1620=DIRECTION('',(0,-1,0));
#1621=FACE_BOUND('',#1622,.T.);
#1622=EDGE_LOOP('',(#1623,#1624,#1625));
#1623=ORIENTED_EDGE('',*,*,#1626,.T.);
#1624=ORIENTED_EDGE('',*,*,#1627,.T.);
#1625=ORIENTED_EDGE('',*,*,#1628,.T.);
#1626=EDGE_CURVE('',#167,#169,#1629,.F.);
#1627=EDGE_CURVE('',#169,#171,#1630,.T.);
#1628=EDGE_CURVE('',#171,#167,#1631,.T.);
#1629=LINE('',#166,#1632);
#1630=LINE('',#168,#1633);
#1631=LINE('',#170,#1634);
#1632=VECTOR('',#1635,1.0);
#1633=VECTOR('',#1636,1.0);
#1634=VECTOR('',#1637,1.0);
#1635=DIRECTION('',(0,-1,0));
#1636=DIRECTION('',(0.11968669162545102,-0.9928117121830071,0));
#1637=DIRECTION('',(-0.0519778385656297,0.9986482385194726,0));
#1638=FACE_SURFACE('',(#1643),#1639,.T.);
#1639=PLANE('',#1640);
#1640=AXIS2_PLACEMENT_3D('',#170,#1641,#1642);
#1641=DIRECTION('',(0,0,1));
#1642=DIRECTION('',(0.11968573921534091,-0.9928118269986903,0));
#1643=FACE_BOUND('',#1644,.T.);
#1644=EDGE_LOOP('',(#1645,#1646,#1647));
#1645=ORIENTED_EDGE('',*,*,#1648,.T.);
#1646=ORIENTED_EDGE('',*,*,#1649,.T.);
#1647=ORIENTED_EDGE('',*,*,#1650,.T.);
#1648=EDGE_CURVE('',#171,#173,#1651,.F.);
#1649=EDGE_CURVE('',#173,#175,#1652,.T.);
#1650=EDGE_CURVE('',#175,#171,#1653,.T.);
#1651=LINE('',#170,#1654);
#1652=LINE('',#172,#1655);
#1653=LINE('',#174,#1656);
#1654=VECTOR('',#1657,1.0);
#1655=VECTOR('',#1658,1.0);
#1656=VECTOR('',#1659,1.0);
#1657=DIRECTION('',(0.11968573921534091,-0.9928118269986903,0));
#1658=DIRECTION('',(0.35048915342228937,-0.9365667906419312,0));
#1659=DIRECTION('',(-0.2371671078318077,0.971468868756326,0));
#1660=FACE_SURFACE('',(#1665),#1661,.T.);
#1661=PLANE('',#1662);
#1662=AXIS2_PLACEMENT_3D('',#174,#1663,#1664);
#1663=DIRECTION('',(0,0,1));
#1664=DIRECTION('',(0.35046913842530436,-0.936574280562639,0));
#1665=FACE_BOUND('',#1666,.T.);
#1666=EDGE_LOOP('',(#1667,#1668,#1669));
#1667=ORIENTED_EDGE('',*,*,#1670,.T.);
#1668=ORIENTED_EDGE('',*,*,#1671,.T.);
#1669=ORIENTED_EDGE('',*,*,#1672,.T.);
#1670=EDGE_CURVE('',#175,#177,#1673,.F.);
#1671=EDGE_CURVE('',#177,#179,#1674,.T.);
#1672=EDGE_CURVE('',#179,#175,#1675,.T.);
#1673=LINE('',#174,#1676);
#1674=LINE('',#176,#1677);
#1675=LINE('',#178,#1678);
#1676=VECTOR('',#1679,1.0);
#1677=VECTOR('',#1680,1.0);
#1678=VECTOR('',#1681,1.0);
#1679=DIRECTION('',(0.35046913842530436,-0.936574280562639,0));
#1680=DIRECTION('',(0.5578737572044266,-0.8299258226026086,0));
#1681=DIRECTION('',(-0.5076212457371998,0.8615803333852354,0));
#1682=FACE_SURFACE('',(#1687),#1683,.T.);
#1683=PLANE('',#1684);
#1684=AXIS2_PLACEMENT_3D('',#178,#1685,#1686);
#1685=DIRECTION('',(0,0,1));
#1686=DIRECTION('',(0.5578818210324719,-0.8299204020636517,0));
#1687=FACE_BOUND('',#1688,.T.);
#1688=EDGE_LOOP('',(#1689,#1690,#1691));
#1689=ORIENTED_EDGE('',*,*,#1692,.T.);
#1690=ORIENTED_EDGE('',*,*,#1693,.T.);
#1691=ORIENTED_EDGE('',*,*,#1694,.T.);
#1692=EDGE_CURVE('',#179,#181,#1695,.F.);
#1693=EDGE_CURVE('',#181,#183,#1696,.T.);
#1694=EDGE_CURVE('',#183,#179,#1697,.T.);
#1695=LINE('',#178,#1698);
#1696=LINE('',#180,#1699);
#1697=LINE('',#182,#1700);
#1698=VECTOR('',#1701,1.0);
#1699=VECTOR('',#1702,1.0);
#1700=VECTOR('',#1703,1.0);
#1701=DIRECTION('',(0.5578818210324719,-0.8299204020636517,0));
#1702=DIRECTION('',(0.7305557648555475,-0.6828530401457741,0));
#1703=DIRECTION('',(-0.6899939988556949,0.7238150879493513,0));
#1704=FACE_SURFACE('',(#1709),#1705,.T.);
#1705=PLANE('',#1706);
#1706=AXIS2_PLACEMENT_3D('',#182,#1707,#1708);
#1707=DIRECTION('',(0,0,1));
#1708=DIRECTION('',(0.7305486624452543,-0.6828606386367939,0));
#1709=FACE_BOUND('',#1710,.T.);
#1710=EDGE_LOOP('',(#1711,#1712,#1713));
#1711=ORIENTED_EDGE('',*,*,#1714,.T.);
#1712=ORIENTED_EDGE('',*,*,#1715,.T.);
#1713=ORIENTED_EDGE('',*,*,#1716,.T.);
#1714=EDGE_CURVE('',#183,#185,#1717,.F.);
#1715=EDGE_CURVE('',#185,#187,#1718,.T.);
#1716=EDGE_CURVE('',#187,#183,#1719,.T.);
#1717=LINE('',#182,#1720);
#1718=LINE('',#184,#1721);
#1719=LINE('',#186,#1722);
#1720=VECTOR('',#1723,1.0);
#1721=VECTOR('',#1724,1.0);
#1722=VECTOR('',#1725,1.0);
#1723=DIRECTION('',(0.7305486624452543,-0.6828606386367939,0));
#1724=DIRECTION('',(0.8622811746050528,-0.5064298331671726,0));
#1725=DIRECTION('',(-0.8325863681801577,0.5538952423704095,0));
#1726=FACE_SURFACE('',(#1731),#1727,.T.);
#1727=PLANE('',#1728);
#1728=AXIS2_PLACEMENT_3D('',#186,#1729,#1730);
#1729=DIRECTION('',(0,0,1));
#1730=DIRECTION('',(0.8622765758534778,-0.5064376632265826,0));
#1731=FACE_BOUND('',#1732,.T.);
#1732=EDGE_LOOP('',(#1733,#1734,#1735));
#1733=ORIENTED_EDGE('',*,*,#1736,.T.);
#1734=ORIENTED_EDGE('',*,*,#1737,.T.);
#1735=ORIENTED_EDGE('',*,*,#1738,.T.);
#1736=EDGE_CURVE('',#187,#189,#1739,.F.);
#1737=EDGE_CURVE('',#189,#191,#1740,.T.);
#1738=EDGE_CURVE('',#191,#187,#1741,.T.);
#1739=LINE('',#186,#1742);
#1740=LINE('',#188,#1743);
#1741=LINE('',#190,#1744);
#1742=VECTOR('',#1745,1.0);
#1743=VECTOR('',#1746,1.0);
#1744=VECTOR('',#1747,1.0);
#1745=DIRECTION('',(0.8622765758534778,-0.5064376632265826,0));
#1746=DIRECTION('',(0.9504402724399493,-0.31090720243229336,0));
#1747=DIRECTION('',(-0.9320304352922678,0.362380004537924,0));
#1748=FACE_SURFACE('',(#1753),#1749,.T.);
#1749=PLANE('',#1750);
#1750=AXIS2_PLACEMENT_3D('',#190,#1751,#1752);
#1751=DIRECTION('',(0,0,1));
#1752=DIRECTION('',(0.9504414231941748,-0.31090368456586587,0));
#1753=FACE_BOUND('',#1754,.T.);
#1754=EDGE_LOOP('',(#1755,#1756,#1757));
#1755=ORIENTED_EDGE('',*,*,#1758,.T.);
#1756=ORIENTED_EDGE('',*,*,#1759,.T.);
#1757=ORIENTED_EDGE('',*,*,#1760,.T.);
#1758=EDGE_CURVE('',#191,#193,#1761,.F.);
#1759=EDGE_CURVE('',#193,#195,#1762,.T.);
#1760=EDGE_CURVE('',#195,#191,#1763,.T.);
#1761=LINE('',#190,#1764);
#1762=LINE('',#192,#1765);
#1763=LINE('',#194,#1766);
#1764=VECTOR('',#1767,1.0);
#1765=VECTOR('',#1768,1.0);
#1766=VECTOR('',#1769,1.0);
#1767=DIRECTION('',(0.9504414231941748,-0.31090368456586587,0));
#1768=DIRECTION('',(0.9945134631497903,-0.10460865936341432,0));
#1769=DIRECTION('',(-0.9874199150687126,0.1581199270354508,0));
#1770=FACE_SURFACE('',(#1775),#1771,.T.);
#1771=PLANE('',#1772);
#1772=AXIS2_PLACEMENT_3D('',#194,#1773,#1774);
#1773=DIRECTION('',(0,0,1));
#1774=DIRECTION('',(0.9945158945847539,-0.10458554115310023,0));
#1775=FACE_BOUND('',#1776,.T.);
#1776=EDGE_LOOP('',(#1777,#1778,#1779));
#1777=ORIENTED_EDGE('',*,*,#1780,.T.);
#1778=ORIENTED_EDGE('',*,*,#1781,.T.);
#1779=ORIENTED_EDGE('',*,*,#1782,.T.);
#1780=EDGE_CURVE('',#195,#197,#1783,.F.);
#1781=EDGE_CURVE('',#197,#199,#1784,.T.);
#1782=EDGE_CURVE('',#199,#195,#1785,.T.);
#1783=LINE('',#194,#1786);
#1784=LINE('',#196,#1787);
#1785=LINE('',#198,#1788);
#1786=VECTOR('',#1789,1.0);
#1787=VECTOR('',#1790,1.0);
#1788=VECTOR('',#1791,1.0);
#1789=DIRECTION('',(0.9945158945847539,-0.10458554115310023,0));
#1790=DIRECTION('',(0.9999995300599579,-0.0009694740138344974,0));
#1791=DIRECTION('',(-0.9999959744352832,0.0028374483657842404,0));
#1792=FACE_SURFACE('',(#1797),#1793,.T.);
#1793=PLANE('',#1794);
#1794=AXIS2_PLACEMENT_3D('',#198,#1795,#1796);
#1795=DIRECTION('',(-0,0,1));
#1796=DIRECTION('',(0.9999995303928373,-0.000969130592261442,0));
#1797=FACE_BOUND('',#1798,.T.);
#1798=EDGE_LOOP('',(#1799,#1800,#1801));
#1799=ORIENTED_EDGE('',*,*,#1802,.T.);
#1800=ORIENTED_EDGE('',*,*,#1803,.T.);
#1801=ORIENTED_EDGE('',*,*,#1804,.T.);
#1802=EDGE_CURVE('',#199,#201,#1805,.F.);
#1803=EDGE_CURVE('',#201,#203,#1806,.T.);
#1804=EDGE_CURVE('',#203,#199,#1807,.T.);
#1805=LINE('',#198,#1808);
#1806=LINE('',#200,#1809);
#1807=LINE('',#202,#1810);
#1808=VECTOR('',#1811,1.0);
#1809=VECTOR('',#1812,1.0);
#1810=VECTOR('',#1813,1.0);
#1811=DIRECTION('',(0.9999995303928373,-0.000969130592261442,0));
#1812=DIRECTION('',(0.9925215894272684,0.12206922020218194,0));
#1813=DIRECTION('',(-0.9999987067685501,-0.0016082478749903776,0));
#1814=FACE_SURFACE('',(#1819),#1815,.T.);
#1815=PLANE('',#1816);
#1816=AXIS2_PLACEMENT_3D('',#202,#1817,#1818);
#1817=DIRECTION('',(0,0,1));
#1818=DIRECTION('',(0.992522484692947,0.1220619407470597,0));
#1819=FACE_BOUND('',#1820,.T.);
#1820=EDGE_LOOP('',(#1821,#1822,#1823));
#1821=ORIENTED_EDGE('',*,*,#1824,.T.);
#1822=ORIENTED_EDGE('',*,*,#1825,.T.);
#1823=ORIENTED_EDGE('',*,*,#1826,.T.);
#1824=EDGE_CURVE('',#203,#205,#1827,.F.);
#1825=EDGE_CURVE('',#205,#207,#1828,.T.);
#1826=EDGE_CURVE('',#207,#203,#1829,.T.);
#1827=LINE('',#202,#1830);
#1828=LINE('',#204,#1831);
#1829=LINE('',#206,#1832);
#1830=VECTOR('',#1833,1.0);
#1831=VECTOR('',#1834,1.0);
#1832=VECTOR('',#1835,1.0);
#1833=DIRECTION('',(0.992522484692947,0.1220619407470597,0));
#1834=DIRECTION('',(0.9325164868312359,0.3611274038174468,0));
#1835=DIRECTION('',(-0.970037803254909,-0.24295402910096084,0));
#1836=FACE_SURFACE('',(#1841),#1837,.T.);
#1837=PLANE('',#1838);
#1838=AXIS2_PLACEMENT_3D('',#206,#1839,#1840);
#1839=DIRECTION('',(0,0,1));
#1840=DIRECTION('',(0.9325195593950139,0.3611194696298291,0));
#1841=FACE_BOUND('',#1842,.T.);
#1842=EDGE_LOOP('',(#1843,#1844,#1845));
#1843=ORIENTED_EDGE('',*,*,#1846,.T.);
#1844=ORIENTED_EDGE('',*,*,#1847,.T.);
#1845=ORIENTED_EDGE('',*,*,#1848,.T.);
#1846=EDGE_CURVE('',#207,#209,#1849,.F.);
#1847=EDGE_CURVE('',#209,#211,#1850,.T.);
#1848=EDGE_CURVE('',#211,#207,#1851,.T.);
#1849=LINE('',#206,#1852);
#1850=LINE('',#208,#1853);
#1851=LINE('',#210,#1854);
#1852=VECTOR('',#1855,1.0);
#1853=VECTOR('',#1856,1.0);
#1854=VECTOR('',#1857,1.0);
#1855=DIRECTION('',(0.9325195593950139,0.3611194696298291,0));
#1856=DIRECTION('',(0.8126032088360512,0.5828173169950882,0));
#1857=DIRECTION('',(-0.8800195836638207,-0.47493739836756976,0));
#1858=FACE_SURFACE('',(#1863),#1859,.T.);
#1859=PLANE('',#1860);
#1860=AXIS2_PLACEMENT_3D('',#210,#1861,#1862);
#1861=DIRECTION('',(0,0,1));
#1862=DIRECTION('',(0.8126090310789403,0.5828091991457801,0));
#1863=FACE_BOUND('',#1864,.T.);
#1864=EDGE_LOOP('',(#1865,#1866,#1867));
#1865=ORIENTED_EDGE('',*,*,#1868,.T.);
#1866=ORIENTED_EDGE('',*,*,#1869,.T.);
#1867=ORIENTED_EDGE('',*,*,#1870,.T.);
#1868=EDGE_CURVE('',#211,#213,#1871,.F.);
#1869=EDGE_CURVE('',#213,#215,#1872,.T.);
#1870=EDGE_CURVE('',#215,#211,#1873,.T.);
#1871=LINE('',#210,#1874);
#1872=LINE('',#212,#1875);
#1873=LINE('',#214,#1876);
#1874=VECTOR('',#1877,1.0);
#1875=VECTOR('',#1878,1.0);
#1876=VECTOR('',#1879,1.0);
#1877=DIRECTION('',(0.8126090310789403,0.5828091991457801,0));
#1878=DIRECTION('',(0.6345129476061526,0.772912232611279,0));
#1879=DIRECTION('',(-0.6854192369856884,-0.7281486589769679,0));
#1880=FACE_SURFACE('',(#1885),#1881,.T.);
#1881=PLANE('',#1882);
#1882=AXIS2_PLACEMENT_3D('',#214,#1883,#1884);
#1883=DIRECTION('',(0,0,1));
#1884=DIRECTION('',(0.6345098282774712,0.7729147933758895,0));
#1885=FACE_BOUND('',#1886,.T.);
#1886=EDGE_LOOP('',(#1887,#1888,#1889));
#1887=ORIENTED_EDGE('',*,*,#1890,.T.);
#1888=ORIENTED_EDGE('',*,*,#1891,.T.);
#1889=ORIENTED_EDGE('',*,*,#1892,.T.);
#1890=EDGE_CURVE('',#215,#217,#1893,.F.);
#1891=EDGE_CURVE('',#217,#219,#1894,.T.);
#1892=EDGE_CURVE('',#219,#215,#1895,.T.);
#1893=LINE('',#214,#1896);
#1894=LINE('',#216,#1897);
#1895=LINE('',#218,#1898);
#1896=VECTOR('',#1899,1.0);
#1897=VECTOR('',#1900,1.0);
#1898=VECTOR('',#1901,1.0);
#1899=DIRECTION('',(0.6345098282774712,0.7729147933758895,0));
#1900=DIRECTION('',(0.4050681141812007,0.9142865102765575,0));
#1901=DIRECTION('',(-0.46807902934797657,-0.8836866086371662,0));
#1902=FACE_SURFACE('',(#1907),#1903,.T.);
#1903=PLANE('',#1904);
#1904=AXIS2_PLACEMENT_3D('',#218,#1905,#1906);
#1905=DIRECTION('',(0,0,1));
#1906=DIRECTION('',(0.40508431761300406,0.9142793312899548,0));
#1907=FACE_BOUND('',#1908,.T.);
#1908=EDGE_LOOP('',(#1909,#1910,#1911));
#1909=ORIENTED_EDGE('',*,*,#1912,.T.);
#1910=ORIENTED_EDGE('',*,*,#1913,.T.);
#1911=ORIENTED_EDGE('',*,*,#1914,.T.);
#1912=EDGE_CURVE('',#219,#221,#1915,.F.);
#1913=EDGE_CURVE('',#221,#223,#1916,.T.);
#1914=EDGE_CURVE('',#223,#219,#1917,.T.);
#1915=LINE('',#218,#1918);
#1916=LINE('',#220,#1919);
#1917=LINE('',#222,#1920);
#1918=VECTOR('',#1921,1.0);
#1919=VECTOR('',#1922,1.0);
#1920=VECTOR('',#1923,1.0);
#1921=DIRECTION('',(0.40508431761300406,0.9142793312899548,0));
#1922=DIRECTION('',(0.13939781595821676,0.9902364611071838,0));
#1923=DIRECTION('',(-0.20976730674754163,-0.9777513370074637,0));
#1924=FACE_SURFACE('',(#1929),#1925,.T.);
#1925=PLANE('',#1926);
#1926=AXIS2_PLACEMENT_3D('',#222,#1927,#1928);
#1927=DIRECTION('',(0,0,1));
#1928=DIRECTION('',(0.13938699693830683,0.9902379840646997,0));
#1929=FACE_BOUND('',#1930,.T.);
#1930=EDGE_LOOP('',(#1931,#1932,#1933));
#1931=ORIENTED_EDGE('',*,*,#1934,.T.);
#1932=ORIENTED_EDGE('',*,*,#1935,.T.);
#1933=ORIENTED_EDGE('',*,*,#1936,.T.);
#1934=EDGE_CURVE('',#223,#225,#1937,.F.);
#1935=EDGE_CURVE('',#225,#227,#1938,.T.);
#1936=EDGE_CURVE('',#227,#223,#1939,.T.);
#1937=LINE('',#222,#1940);
#1938=LINE('',#224,#1941);
#1939=LINE('',#226,#1942);
#1940=VECTOR('',#1943,1.0);
#1941=VECTOR('',#1944,1.0);
#1942=VECTOR('',#1945,1.0);
#1943=DIRECTION('',(0.13938699693830683,0.9902379840646997,0));
#1944=DIRECTION('',(0.00010490107498272372,0.9999999944978821,0));
#1945=DIRECTION('',(-0.0004966219968329641,-0.9999998766832885,0));
#1946=FACE_SURFACE('',(#1951),#1947,.T.);
#1947=PLANE('',#1948);
#1948=AXIS2_PLACEMENT_3D('',#226,#1949,#1950);
#1949=DIRECTION('',(0,-0,1));
#1950=DIRECTION('',(0.00010483177108259837,0.9999999945051499,0));
#1951=FACE_BOUND('',#1952,.T.);
#1952=EDGE_LOOP('',(#1953,#1954,#1955));
#1953=ORIENTED_EDGE('',*,*,#1956,.T.);
#1954=ORIENTED_EDGE('',*,*,#1957,.T.);
#1955=ORIENTED_EDGE('',*,*,#1958,.T.);
#1956=EDGE_CURVE('',#227,#229,#1959,.F.);
#1957=EDGE_CURVE('',#229,#231,#1960,.T.);
#1958=EDGE_CURVE('',#231,#227,#1961,.T.);
#1959=LINE('',#226,#1962);
#1960=LINE('',#228,#1963);
#1961=LINE('',#230,#1964);
#1962=VECTOR('',#1965,1.0);
#1963=VECTOR('',#1966,1.0);
#1964=VECTOR('',#1967,1.0);
#1965=DIRECTION('',(0.00010483177108259837,0.9999999945051499,0));
#1966=DIRECTION('',(-0.1393723525645114,0.9902400453125664,0));
#1967=DIRECTION('',(0.0010215523784747865,-0.9999994782152329,0));
#1968=FACE_SURFACE('',(#1973),#1969,.T.);
#1969=PLANE('',#1970);
#1970=AXIS2_PLACEMENT_3D('',#230,#1971,#1972);
#1971=DIRECTION('',(0,0,1));
#1972=DIRECTION('',(-0.13937310320063645,0.9902399396632237,0));
#1973=FACE_BOUND('',#1974,.T.);
#1974=EDGE_LOOP('',(#1975,#1976,#1977));
#1975=ORIENTED_EDGE('',*,*,#1978,.T.);
#1976=ORIENTED_EDGE('',*,*,#1979,.T.);
#1977=ORIENTED_EDGE('',*,*,#1980,.T.);
#1978=EDGE_CURVE('',#231,#233,#1981,.F.);
#1979=EDGE_CURVE('',#233,#235,#1982,.T.);
#1980=EDGE_CURVE('',#235,#231,#1983,.T.);
#1981=LINE('',#230,#1984);
#1982=LINE('',#232,#1985);
#1983=LINE('',#234,#1986);
#1984=VECTOR('',#1987,1.0);
#1985=VECTOR('',#1988,1.0);
#1986=VECTOR('',#1989,1.0);
#1987=DIRECTION('',(-0.13937310320063645,0.9902399396632237,0));
#1988=DIRECTION('',(-0.405083702933477,0.9142796036321178,0));
#1989=DIRECTION('',(0.2754854461819357,-0.9613052423356172,0));
#1990=FACE_SURFACE('',(#1995),#1991,.T.);
#1991=PLANE('',#1992);
#1992=AXIS2_PLACEMENT_3D('',#234,#1993,#1994);
#1993=DIRECTION('',(0,0,1));
#1994=DIRECTION('',(-0.4050929255539911,0.9142755173721477,0));
#1995=FACE_BOUND('',#1996,.T.);
#1996=EDGE_LOOP('',(#1997,#1998,#1999));
#1997=ORIENTED_EDGE('',*,*,#2000,.T.);
#1998=ORIENTED_EDGE('',*,*,#2001,.T.);
#1999=ORIENTED_EDGE('',*,*,#2002,.T.);
#2000=EDGE_CURVE('',#235,#237,#2003,.F.);
#2001=EDGE_CURVE('',#237,#239,#2004,.T.);
#2002=EDGE_CURVE('',#239,#235,#2005,.T.);
#2003=LINE('',#234,#2006);
#2004=LINE('',#236,#2007);
#2005=LINE('',#238,#2008);
#2006=VECTOR('',#2009,1.0);
#2007=VECTOR('',#2010,1.0);
#2008=VECTOR('',#2011,1.0);
#2009=DIRECTION('',(-0.4050929255539911,0.9142755173721477,0));
#2010=DIRECTION('',(-0.6345473913735986,0.772883955132309,0));
#2011=DIRECTION('',(0.5802077999695159,-0.8144684824193839,0));
#2012=FACE_SURFACE('',(#2017),#2013,.T.);
#2013=PLANE('',#2014);
#2014=AXIS2_PLACEMENT_3D('',#238,#2015,#2016);
#2015=DIRECTION('',(0,0,1));
#2016=DIRECTION('',(-0.6345435440807037,0.7728871137918526,0));
#2017=FACE_BOUND('',#2018,.T.);
#2018=EDGE_LOOP('',(#2019,#2020,#2021));
#2019=ORIENTED_EDGE('',*,*,#2022,.T.);
#2020=ORIENTED_EDGE('',*,*,#2023,.T.);
#2021=ORIENTED_EDGE('',*,*,#2024,.T.);
#2022=EDGE_CURVE('',#239,#241,#2025,.F.);
#2023=EDGE_CURVE('',#241,#243,#2026,.T.);
#2024=EDGE_CURVE('',#243,#239,#2027,.T.);
#2025=LINE('',#238,#2028);
#2026=LINE('',#240,#2029);
#2027=LINE('',#242,#2030);
#2028=VECTOR('',#2031,1.0);
#2029=VECTOR('',#2032,1.0);
#2030=VECTOR('',#2033,1.0);
#2031=DIRECTION('',(-0.6345435440807037,0.7728871137918526,0));
#2032=DIRECTION('',(-0.8126185815981852,0.5827958826564867,0));
#2033=DIRECTION('',(0.7723739015750714,-0.6351681322025706,0));
#2034=FACE_SURFACE('',(#2039),#2035,.T.);
#2035=PLANE('',#2036);
#2036=AXIS2_PLACEMENT_3D('',#242,#2037,#2038);
#2037=DIRECTION('',(0,0,1));
#2038=DIRECTION('',(-0.8126220434115174,0.5827910556637685,0));
#2039=FACE_BOUND('',#2040,.T.);
#2040=EDGE_LOOP('',(#2041,#2042,#2043));
#2041=ORIENTED_EDGE('',*,*,#2044,.T.);
#2042=ORIENTED_EDGE('',*,*,#2045,.T.);
#2043=ORIENTED_EDGE('',*,*,#2046,.T.);
#2044=EDGE_CURVE('',#243,#245,#2047,.F.);
#2045=EDGE_CURVE('',#245,#247,#2048,.T.);
#2046=EDGE_CURVE('',#247,#243,#2049,.T.);
#2047=LINE('',#242,#2050);
#2048=LINE('',#244,#2051);
#2049=LINE('',#246,#2052);
#2050=VECTOR('',#2053,1.0);
#2051=VECTOR('',#2054,1.0);
#2052=VECTOR('',#2055,1.0);
#2053=DIRECTION('',(-0.8126220434115174,0.5827910556637685,0));
#2054=DIRECTION('',(-0.9325505906869644,0.3610393272337429,0));
#2055=DIRECTION('',(0.9075161558863188,-0.420017174417093,0));
#2056=FACE_SURFACE('',(#2061),#2057,.T.);
#2057=PLANE('',#2058);
#2058=AXIS2_PLACEMENT_3D('',#246,#2059,#2060);
#2059=DIRECTION('',(0,0,1));
#2060=DIRECTION('',(-0.9325401623871127,0.3610662619728095,0));
#2061=FACE_BOUND('',#2062,.T.);
#2062=EDGE_LOOP('',(#2063,#2064,#2065));
#2063=ORIENTED_EDGE('',*,*,#2066,.T.);
#2064=ORIENTED_EDGE('',*,*,#2067,.T.);
#2065=ORIENTED_EDGE('',*,*,#2068,.T.);
#2066=EDGE_CURVE('',#247,#249,#2069,.F.);
#2067=EDGE_CURVE('',#249,#251,#2070,.T.);
#2068=EDGE_CURVE('',#251,#247,#2071,.T.);
#2069=LINE('',#246,#2072);
#2070=LINE('',#248,#2073);
#2071=LINE('',#250,#2074);
#2072=VECTOR('',#2075,1.0);
#2073=VECTOR('',#2076,1.0);
#2074=VECTOR('',#2077,1.0);
#2075=DIRECTION('',(-0.9325401623871127,0.3610662619728095,0));
#2076=DIRECTION('',(-0.992513011502297,0.12213894546229405,0));
#2077=DIRECTION('',(0.982869156637116,-0.18430469590177073,0));
#2078=FACE_SURFACE('',(#2083),#2079,.T.);
#2079=PLANE('',#2080);
#2080=AXIS2_PLACEMENT_3D('',#250,#2081,#2082);
#2081=DIRECTION('',(0,0,1));
#2082=DIRECTION('',(-0.9925102480920642,0.1221613991088387,0));
#2083=FACE_BOUND('',#2084,.T.);
#2084=EDGE_LOOP('',(#2085,#2086,#2087));
#2085=ORIENTED_EDGE('',*,*,#2088,.T.);
#2086=ORIENTED_EDGE('',*,*,#2089,.T.);
#2087=ORIENTED_EDGE('',*,*,#2090,.T.);
#2088=EDGE_CURVE('',#251,#253,#2091,.F.);
#2089=EDGE_CURVE('',#253,#255,#2092,.T.);
#2090=EDGE_CURVE('',#255,#251,#2093,.T.);
#2091=LINE('',#250,#2094);
#2092=LINE('',#252,#2095);
#2093=LINE('',#254,#2096);
#2094=VECTOR('',#2097,1.0);
#2095=VECTOR('',#2098,1.0);
#2096=VECTOR('',#2099,1.0);
#2097=DIRECTION('',(-0.9925102480920642,0.1221613991088387,0));
#2098=DIRECTION('',(-0.9999999999999896,-1.4440074035703437E-07,0));
#2099=DIRECTION('',(0.9999995958414736,-0.0008990644522633921,0));
#2100=FACE_SURFACE('',(#2105),#2101,.T.);
#2101=PLANE('',#2102);
#2102=AXIS2_PLACEMENT_3D('',#254,#2103,#2104);
#2103=DIRECTION('',(0,0,1));
#2104=DIRECTION('',(-0.9999999999999131,4.1684334745629706E-07,0));
#2105=FACE_BOUND('',#2106,.T.);
#2106=EDGE_LOOP('',(#2107,#2108,#2109));
#2107=ORIENTED_EDGE('',*,*,#2110,.T.);
#2108=ORIENTED_EDGE('',*,*,#2111,.T.);
#2109=ORIENTED_EDGE('',*,*,#2112,.T.);
#2110=EDGE_CURVE('',#255,#257,#2113,.F.);
#2111=EDGE_CURVE('',#257,#259,#2114,.T.);
#2112=EDGE_CURVE('',#259,#255,#2115,.T.);
#2113=LINE('',#254,#2116);
#2114=LINE('',#256,#2117);
#2115=LINE('',#258,#2118);
#2116=VECTOR('',#2119,1.0);
#2117=VECTOR('',#2120,1.0);
#2118=VECTOR('',#2121,1.0);
#2119=DIRECTION('',(-0.9999999999999131,4.1684334745629706E-07,0));
#2120=DIRECTION('',(-0.9925125459430405,-0.12214272858285008,0));
#2121=DIRECTION('',(0.9999747188675566,0.007110669852480648,0));
#2122=FACE_SURFACE('',(#2127),#2123,.T.);
#2123=PLANE('',#2124);
#2124=AXIS2_PLACEMENT_3D('',#258,#2125,#2126);
#2125=DIRECTION('',(0,0,1));
#2126=DIRECTION('',(-0.9925128996065514,-0.1221398547346255,0));
#2127=FACE_BOUND('',#2128,.T.);
#2128=EDGE_LOOP('',(#2129,#2130,#2131));
#2129=ORIENTED_EDGE('',*,*,#2132,.T.);
#2130=ORIENTED_EDGE('',*,*,#2133,.T.);
#2131=ORIENTED_EDGE('',*,*,#2134,.T.);
#2132=EDGE_CURVE('',#259,#261,#2135,.F.);
#2133=EDGE_CURVE('',#261,#263,#2136,.T.);
#2134=EDGE_CURVE('',#263,#259,#2137,.T.);
#2135=LINE('',#258,#2138);
#2136=LINE('',#260,#2139);
#2137=LINE('',#262,#2140);
#2138=VECTOR('',#2141,1.0);
#2139=VECTOR('',#2142,1.0);
#2140=VECTOR('',#2143,1.0);
#2141=DIRECTION('',(-0.9925128996065514,-0.1221398547346255,0));
#2142=DIRECTION('',(-0.9325429069047477,-0.3610591735181963,0));
#2143=DIRECTION('',(0.9536345340561356,0.30096706706139303,0));
#2144=FACE_SURFACE('',(#2149),#2145,.T.);
#2145=PLANE('',#2146);
#2146=AXIS2_PLACEMENT_3D('',#262,#2147,#2148);
#2147=DIRECTION('',(0,0,1));
#2148=DIRECTION('',(-0.9325363225591384,-0.3610761790922776,0));
#2149=FACE_BOUND('',#2150,.T.);
#2150=EDGE_LOOP('',(#2151,#2152,#2153));
#2151=ORIENTED_EDGE('',*,*,#2154,.T.);
#2152=ORIENTED_EDGE('',*,*,#2155,.T.);
#2153=ORIENTED_EDGE('',*,*,#2156,.T.);
#2154=EDGE_CURVE('',#263,#265,#2157,.F.);
#2155=EDGE_CURVE('',#265,#267,#2158,.T.);
#2156=EDGE_CURVE('',#267,#263,#2159,.T.);
#2157=LINE('',#262,#2160);
#2158=LINE('',#264,#2161);
#2159=LINE('',#266,#2162);
#2160=VECTOR('',#2163,1.0);
#2161=VECTOR('',#2164,1.0);
#2162=VECTOR('',#2165,1.0);
#2163=DIRECTION('',(-0.9325363225591384,-0.3610761790922776,0));
#2164=DIRECTION('',(-0.8126267861801237,-0.5827844424678504,0));
#2165=DIRECTION('',(0.8490187514726208,0.5283627159895671,0));
#2166=FACE_SURFACE('',(#2171),#2167,.T.);
#2167=PLANE('',#2168);
#2168=AXIS2_PLACEMENT_3D('',#266,#2169,#2170);
#2169=DIRECTION('',(0,0,1));
#2170=DIRECTION('',(-0.812647681211344,-0.58275530561448,0));
#2171=FACE_BOUND('',#2172,.T.);
#2172=EDGE_LOOP('',(#2173,#2174,#2175));
#2173=ORIENTED_EDGE('',*,*,#2176,.T.);
#2174=ORIENTED_EDGE('',*,*,#2177,.T.);
#2175=ORIENTED_EDGE('',*,*,#2178,.T.);
#2176=EDGE_CURVE('',#267,#269,#2179,.F.);
#2177=EDGE_CURVE('',#269,#271,#2180,.T.);
#2178=EDGE_CURVE('',#271,#267,#2181,.T.);
#2179=LINE('',#266,#2182);
#2180=LINE('',#268,#2183);
#2181=LINE('',#270,#2184);
#2182=VECTOR('',#2185,1.0);
#2183=VECTOR('',#2186,1.0);
#2184=VECTOR('',#2187,1.0);
#2185=DIRECTION('',(-0.812647681211344,-0.58275530561448,0));
#2186=DIRECTION('',(-0.6344445864956945,-0.7729683477777776,0));
#2187=DIRECTION('',(0.6853957619495774,0.7281707557307957,0));
#2188=FACE_SURFACE('',(#2193),#2189,.T.);
#2189=PLANE('',#2190);
#2190=AXIS2_PLACEMENT_3D('',#270,#2191,#2192);
#2191=DIRECTION('',(0,0,1));
#2192=DIRECTION('',(-0.6344466402491682,-0.7729666620731728,0));
#2193=FACE_BOUND('',#2194,.T.);
#2194=EDGE_LOOP('',(#2195,#2196,#2197));
#2195=ORIENTED_EDGE('',*,*,#2198,.T.);
#2196=ORIENTED_EDGE('',*,*,#2199,.T.);
#2197=ORIENTED_EDGE('',*,*,#2200,.T.);
#2198=EDGE_CURVE('',#271,#273,#2201,.F.);
#2199=EDGE_CURVE('',#273,#155,#2202,.T.);
#2200=EDGE_CURVE('',#155,#271,#2203,.T.);
#2201=LINE('',#270,#2204);
#2202=LINE('',#272,#2205);
#2203=LINE('',#154,#2206);
#2204=VECTOR('',#2207,1.0);
#2205=VECTOR('',#2208,1.0);
#2206=VECTOR('',#2209,1.0);
#2207=DIRECTION('',(-0.6344466402491682,-0.7729666620731728,0));
#2208=DIRECTION('',(-0.40521421467047636,-0.9142217675318112,0));
#2209=DIRECTION('',(0.4681542227841638,0.8836467754082259,0));
#2210=FACE_SURFACE('',(#2215),#2211,.T.);
#2211=PLANE('',#2212);
#2212=AXIS2_PLACEMENT_3D('',#154,#2213,#2214);
#2213=DIRECTION('',(0,0,1));
#2214=DIRECTION('',(-0.20980877695304648,-0.9777424390469438,0));
#2215=FACE_BOUND('',#2216,.T.);
#2216=EDGE_LOOP('',(#2217,#2218,#2219));
#2217=ORIENTED_EDGE('',*,*,#2220,.T.);
#2218=ORIENTED_EDGE('',*,*,#2221,.T.);
#2219=ORIENTED_EDGE('',*,*,#2222,.T.);
#2220=EDGE_CURVE('',#155,#159,#2223,.F.);
#2221=EDGE_CURVE('',#159,#163,#2224,.T.);
#2222=EDGE_CURVE('',#163,#155,#2225,.T.);
#2223=LINE('',#154,#2226);
#2224=LINE('',#158,#2227);
#2225=LINE('',#162,#2228);
#2226=VECTOR('',#2229,1.0);
#2227=VECTOR('',#2230,1.0);
#2228=VECTOR('',#2231,1.0);
#2229=DIRECTION('',(-0.20980877695304648,-0.9777424390469438,0));
#2230=DIRECTION('',(-0.0007192117916045136,-0.999999741367166,0));
#2231=DIRECTION('',(0.0029908800535710972,0.99999552730825,0));
#2232=FACE_SURFACE('',(#2237),#2233,.T.);
#2233=PLANE('',#2234);
#2234=AXIS2_PLACEMENT_3D('',#162,#2235,#2236);
#2235=DIRECTION('',(0,0,1));
#2236=DIRECTION('',(-0.00031595075515583154,-0.9999999500875589,0));
#2237=FACE_BOUND('',#2238,.T.);
#2238=EDGE_LOOP('',(#2239,#2240,#2241));
#2239=ORIENTED_EDGE('',*,*,#2242,.T.);
#2240=ORIENTED_EDGE('',*,*,#2243,.T.);
#2241=ORIENTED_EDGE('',*,*,#2244,.T.);
#2242=EDGE_CURVE('',#163,#167,#2245,.F.);
#2243=EDGE_CURVE('',#167,#171,#2246,.T.);
#2244=EDGE_CURVE('',#171,#163,#2247,.T.);
#2245=LINE('',#162,#2248);
#2246=LINE('',#166,#2249);
#2247=LINE('',#170,#2250);
#2248=VECTOR('',#2251,1.0);
#2249=VECTOR('',#2252,1.0);
#2250=VECTOR('',#2253,1.0);
#2251=DIRECTION('',(-0.00031595075515583154,-0.9999999500875589,0));
#2252=DIRECTION('',(0.0519778385656297,-0.9986482385194726,0));
#2253=DIRECTION('',(-0.0004978937197996216,0.9999998760509142,0));
#2254=FACE_SURFACE('',(#2259),#2255,.T.);
#2255=PLANE('',#2256);
#2256=AXIS2_PLACEMENT_3D('',#170,#2257,#2258);
#2257=DIRECTION('',(0,0,1));
#2258=DIRECTION('',(0.2371671078318077,-0.971468868756326,0));
#2259=FACE_BOUND('',#2260,.T.);
#2260=EDGE_LOOP('',(#2261,#2262,#2263));
#2261=ORIENTED_EDGE('',*,*,#2264,.T.);
#2262=ORIENTED_EDGE('',*,*,#2265,.T.);
#2263=ORIENTED_EDGE('',*,*,#2266,.T.);
#2264=EDGE_CURVE('',#171,#175,#2267,.F.);
#2265=EDGE_CURVE('',#175,#179,#2268,.T.);
#2266=EDGE_CURVE('',#179,#171,#2269,.T.);
#2267=LINE('',#170,#2270);
#2268=LINE('',#174,#2271);
#2269=LINE('',#178,#2272);
#2270=VECTOR('',#2273,1.0);
#2271=VECTOR('',#2274,1.0);
#2272=VECTOR('',#2275,1.0);
#2273=DIRECTION('',(0.2371671078318077,-0.971468868756326,0));
#2274=DIRECTION('',(0.5076212457371998,-0.8615803333852354,0));
#2275=DIRECTION('',(-0.35054394045826254,0.9365462859933801,0));
#2276=FACE_SURFACE('',(#2281),#2277,.T.);
#2277=PLANE('',#2278);
#2278=AXIS2_PLACEMENT_3D('',#178,#2279,#2280);
#2279=DIRECTION('',(0,0,1));
#2280=DIRECTION('',(0.6899939988556949,-0.7238150879493513,0));
#2281=FACE_BOUND('',#2282,.T.);
#2282=EDGE_LOOP('',(#2283,#2284,#2285));
#2283=ORIENTED_EDGE('',*,*,#2286,.T.);
#2284=ORIENTED_EDGE('',*,*,#2287,.T.);
#2285=ORIENTED_EDGE('',*,*,#2288,.T.);
#2286=EDGE_CURVE('',#179,#183,#2289,.F.);
#2287=EDGE_CURVE('',#183,#187,#2290,.T.);
#2288=EDGE_CURVE('',#187,#179,#2291,.T.);
#2289=LINE('',#178,#2292);
#2290=LINE('',#182,#2293);
#2291=LINE('',#186,#2294);
#2292=VECTOR('',#2295,1.0);
#2293=VECTOR('',#2296,1.0);
#2294=VECTOR('',#2297,1.0);
#2295=DIRECTION('',(0.6899939988556949,-0.7238150879493513,0));
#2296=DIRECTION('',(0.8325863681801577,-0.5538952423704095,0));
#2297=DIRECTION('',(-0.7665467817550922,0.6421884702958401,0));
#2298=FACE_SURFACE('',(#2303),#2299,.T.);
#2299=PLANE('',#2300);
#2300=AXIS2_PLACEMENT_3D('',#186,#2301,#2302);
#2301=DIRECTION('',(0,0,1));
#2302=DIRECTION('',(0.9320304352922678,-0.362380004537924,0));
#2303=FACE_BOUND('',#2304,.T.);
#2304=EDGE_LOOP('',(#2305,#2306,#2307));
#2305=ORIENTED_EDGE('',*,*,#2308,.T.);
#2306=ORIENTED_EDGE('',*,*,#2309,.T.);
#2307=ORIENTED_EDGE('',*,*,#2310,.T.);
#2308=EDGE_CURVE('',#187,#191,#2311,.F.);
#2309=EDGE_CURVE('',#191,#195,#2312,.T.);
#2310=EDGE_CURVE('',#195,#187,#2313,.T.);
#2311=LINE('',#186,#2314);
#2312=LINE('',#190,#2315);
#2313=LINE('',#194,#2316);
#2314=VECTOR('',#2317,1.0);
#2315=VECTOR('',#2318,1.0);
#2316=VECTOR('',#2319,1.0);
#2317=DIRECTION('',(0.9320304352922678,-0.362380004537924,0));
#2318=DIRECTION('',(0.9874199150687126,-0.1581199270354508,0));
#2319=DIRECTION('',(-0.9652489799598037,0.2613319855788005,0));
#2320=FACE_SURFACE('',(#2325),#2321,.T.);
#2321=PLANE('',#2322);
#2322=AXIS2_PLACEMENT_3D('',#194,#2323,#2324);
#2323=DIRECTION('',(-0,0,1));
#2324=DIRECTION('',(0.9999959744352832,-0.0028374483657842404,0));
#2325=FACE_BOUND('',#2326,.T.);
#2326=EDGE_LOOP('',(#2327,#2328,#2329));
#2327=ORIENTED_EDGE('',*,*,#2330,.T.);
#2328=ORIENTED_EDGE('',*,*,#2331,.T.);
#2329=ORIENTED_EDGE('',*,*,#2332,.T.);
#2330=EDGE_CURVE('',#195,#199,#2333,.F.);
#2331=EDGE_CURVE('',#199,#203,#2334,.T.);
#2332=EDGE_CURVE('',#203,#195,#2335,.T.);
#2333=LINE('',#194,#2336);
#2334=LINE('',#198,#2337);
#2335=LINE('',#202,#2338);
#2336=VECTOR('',#2339,1.0);
#2337=VECTOR('',#2340,1.0);
#2338=VECTOR('',#2341,1.0);
#2339=DIRECTION('',(0.9999959744352832,-0.0028374483657842404,0));
#2340=DIRECTION('',(0.9999987067685501,0.0016082478749903776,0));
#2341=DIRECTION('',(-0.9999998909990555,-0.0004669067112401529,0));
#2342=FACE_SURFACE('',(#2347),#2343,.T.);
#2343=PLANE('',#2344);
#2344=AXIS2_PLACEMENT_3D('',#202,#2345,#2346);
#2345=DIRECTION('',(0,0,1));
#2346=DIRECTION('',(0.970037803254909,0.24295402910096084,0));
#2347=FACE_BOUND('',#2348,.T.);
#2348=EDGE_LOOP('',(#2349,#2350,#2351));
#2349=ORIENTED_EDGE('',*,*,#2352,.T.);
#2350=ORIENTED_EDGE('',*,*,#2353,.T.);
#2351=ORIENTED_EDGE('',*,*,#2354,.T.);
#2352=EDGE_CURVE('',#203,#207,#2355,.F.);
#2353=EDGE_CURVE('',#207,#211,#2356,.T.);
#2354=EDGE_CURVE('',#211,#203,#2357,.T.);
#2355=LINE('',#202,#2358);
#2356=LINE('',#206,#2359);
#2357=LINE('',#210,#2360);
#2358=VECTOR('',#2361,1.0);
#2359=VECTOR('',#2362,1.0);
#2360=VECTOR('',#2363,1.0);
#2361=DIRECTION('',(0.970037803254909,0.24295402910096084,0));
#2362=DIRECTION('',(0.8800195836638207,0.47493739836756976,0));
#2363=DIRECTION('',(-0.9088078793135831,-0.4172148589127045,0));
#2364=FACE_SURFACE('',(#2369),#2365,.T.);
#2365=PLANE('',#2366);
#2366=AXIS2_PLACEMENT_3D('',#210,#2367,#2368);
#2367=DIRECTION('',(0,0,1));
#2368=DIRECTION('',(0.6854192369856884,0.7281486589769679,0));
#2369=FACE_BOUND('',#2370,.T.);
#2370=EDGE_LOOP('',(#2371,#2372,#2373));
#2371=ORIENTED_EDGE('',*,*,#2374,.T.);
#2372=ORIENTED_EDGE('',*,*,#2375,.T.);
#2373=ORIENTED_EDGE('',*,*,#2376,.T.);
#2374=EDGE_CURVE('',#211,#215,#2377,.F.);
#2375=EDGE_CURVE('',#215,#219,#2378,.T.);
#2376=EDGE_CURVE('',#219,#211,#2379,.T.);
#2377=LINE('',#210,#2380);
#2378=LINE('',#214,#2381);
#2379=LINE('',#218,#2382);
#2380=VECTOR('',#2383,1.0);
#2381=VECTOR('',#2384,1.0);
#2382=VECTOR('',#2385,1.0);
#2383=DIRECTION('',(0.6854192369856884,0.7281486589769679,0));
#2384=DIRECTION('',(0.46807902934797657,0.8836866086371662,0));
#2385=DIRECTION('',(-0.582878297063414,-0.81255946909285,0));
#2386=FACE_SURFACE('',(#2391),#2387,.T.);
#2387=PLANE('',#2388);
#2388=AXIS2_PLACEMENT_3D('',#218,#2389,#2390);
#2389=DIRECTION('',(0,0,1));
#2390=DIRECTION('',(0.20976730674754163,0.9777513370074637,0));
#2391=FACE_BOUND('',#2392,.T.);
#2392=EDGE_LOOP('',(#2393,#2394,#2395));
#2393=ORIENTED_EDGE('',*,*,#2396,.T.);
#2394=ORIENTED_EDGE('',*,*,#2397,.T.);
#2395=ORIENTED_EDGE('',*,*,#2398,.T.);
#2396=EDGE_CURVE('',#219,#223,#2399,.F.);
#2397=EDGE_CURVE('',#223,#227,#2400,.T.);
#2398=EDGE_CURVE('',#227,#219,#2401,.T.);
#2399=LINE('',#218,#2402);
#2400=LINE('',#222,#2403);
#2401=LINE('',#226,#2404);
#2402=VECTOR('',#2405,1.0);
#2403=VECTOR('',#2406,1.0);
#2404=VECTOR('',#2407,1.0);
#2405=DIRECTION('',(0.20976730674754163,0.9777513370074637,0));
#2406=DIRECTION('',(0.0004966219968329641,0.9999998766832885,0));
#2407=DIRECTION('',(-0.002748813947822993,-0.9999962220038034,0));
#2408=FACE_SURFACE('',(#2413),#2409,.T.);
#2409=PLANE('',#2410);
#2410=AXIS2_PLACEMENT_3D('',#226,#2411,#2412);
#2411=DIRECTION('',(0,0,1));
#2412=DIRECTION('',(-0.0010215523784747865,0.9999994782152329,0));
#2413=FACE_BOUND('',#2414,.T.);
#2414=EDGE_LOOP('',(#2415,#2416,#2417));
#2415=ORIENTED_EDGE('',*,*,#2418,.T.);
#2416=ORIENTED_EDGE('',*,*,#2419,.T.);
#2417=ORIENTED_EDGE('',*,*,#2420,.T.);
#2418=EDGE_CURVE('',#227,#231,#2421,.F.);
#2419=EDGE_CURVE('',#231,#235,#2422,.T.);
#2420=EDGE_CURVE('',#235,#227,#2423,.T.);
#2421=LINE('',#226,#2424);
#2422=LINE('',#230,#2425);
#2423=LINE('',#234,#2426);
#2424=VECTOR('',#2427,1.0);
#2425=VECTOR('',#2428,1.0);
#2426=VECTOR('',#2429,1.0);
#2427=DIRECTION('',(-0.0010215523784747865,0.9999994782152329,0));
#2428=DIRECTION('',(-0.2754854461819357,0.9613052423356172,0));
#2429=DIRECTION('',(0.013211595221713937,-0.9999127230672173,0));
#2430=FACE_SURFACE('',(#2435),#2431,.T.);
#2431=PLANE('',#2432);
#2432=AXIS2_PLACEMENT_3D('',#234,#2433,#2434);
#2433=DIRECTION('',(0,0,1));
#2434=DIRECTION('',(-0.5802077999695159,0.8144684824193839,0));
#2435=FACE_BOUND('',#2436,.T.);
#2436=EDGE_LOOP('',(#2437,#2438,#2439));
#2437=ORIENTED_EDGE('',*,*,#2440,.T.);
#2438=ORIENTED_EDGE('',*,*,#2441,.T.);
#2439=ORIENTED_EDGE('',*,*,#2442,.T.);
#2440=EDGE_CURVE('',#235,#239,#2443,.F.);
#2441=EDGE_CURVE('',#239,#243,#2444,.T.);
#2442=EDGE_CURVE('',#243,#235,#2445,.T.);
#2443=LINE('',#234,#2446);
#2444=LINE('',#238,#2447);
#2445=LINE('',#242,#2448);
#2446=VECTOR('',#2449,1.0);
#2447=VECTOR('',#2450,1.0);
#2448=VECTOR('',#2451,1.0);
#2449=DIRECTION('',(-0.5802077999695159,0.8144684824193839,0));
#2450=DIRECTION('',(-0.7723739015750714,0.6351681322025706,0));
#2451=DIRECTION('',(0.6830534514295957,-0.7303683882056484,0));
#2452=FACE_SURFACE('',(#2457),#2453,.T.);
#2453=PLANE('',#2454);
#2454=AXIS2_PLACEMENT_3D('',#242,#2455,#2456);
#2455=DIRECTION('',(0,0,1));
#2456=DIRECTION('',(-0.9075161558863188,0.420017174417093,0));
#2457=FACE_BOUND('',#2458,.T.);
#2458=EDGE_LOOP('',(#2459,#2460,#2461));
#2459=ORIENTED_EDGE('',*,*,#2462,.T.);
#2460=ORIENTED_EDGE('',*,*,#2463,.T.);
#2461=ORIENTED_EDGE('',*,*,#2464,.T.);
#2462=EDGE_CURVE('',#243,#247,#2465,.F.);
#2463=EDGE_CURVE('',#247,#251,#2466,.T.);
#2464=EDGE_CURVE('',#251,#243,#2467,.T.);
#2465=LINE('',#242,#2468);
#2466=LINE('',#246,#2469);
#2467=LINE('',#250,#2470);
#2468=VECTOR('',#2471,1.0);
#2469=VECTOR('',#2472,1.0);
#2470=VECTOR('',#2473,1.0);
#2471=DIRECTION('',(-0.9075161558863188,0.420017174417093,0));
#2472=DIRECTION('',(-0.982869156637116,0.18430469590177073,0));
#2473=DIRECTION('',(0.9527039556339874,-0.30389993899202,0));
#2474=FACE_SURFACE('',(#2479),#2475,.T.);
#2475=PLANE('',#2476);
#2476=AXIS2_PLACEMENT_3D('',#250,#2477,#2478);
#2477=DIRECTION('',(0,0,1));
#2478=DIRECTION('',(-0.9999995958414736,0.0008990644522633921,0));
#2479=FACE_BOUND('',#2480,.T.);
#2480=EDGE_LOOP('',(#2481,#2482,#2483));
#2481=ORIENTED_EDGE('',*,*,#2484,.T.);
#2482=ORIENTED_EDGE('',*,*,#2485,.T.);
#2483=ORIENTED_EDGE('',*,*,#2486,.T.);
#2484=EDGE_CURVE('',#251,#255,#2487,.F.);
#2485=EDGE_CURVE('',#255,#259,#2488,.T.);
#2486=EDGE_CURVE('',#259,#251,#2489,.T.);
#2487=LINE('',#250,#2490);
#2488=LINE('',#254,#2491);
#2489=LINE('',#258,#2492);
#2490=VECTOR('',#2493,1.0);
#2491=VECTOR('',#2494,1.0);
#2492=VECTOR('',#2495,1.0);
#2493=DIRECTION('',(-0.9999995958414736,0.0008990644522633921,0));
#2494=DIRECTION('',(-0.9999747188675566,-0.007110669852480648,0));
#2495=DIRECTION('',(0.9999992278879235,0.0012426679189898979,0));
#2496=FACE_SURFACE('',(#2501),#2497,.T.);
#2497=PLANE('',#2498);
#2498=AXIS2_PLACEMENT_3D('',#258,#2499,#2500);
#2499=DIRECTION('',(0,0,1));
#2500=DIRECTION('',(-0.9536345340561356,-0.30096706706139303,0));
#2501=FACE_BOUND('',#2502,.T.);
#2502=EDGE_LOOP('',(#2503,#2504,#2505));
#2503=ORIENTED_EDGE('',*,*,#2506,.T.);
#2504=ORIENTED_EDGE('',*,*,#2507,.T.);
#2505=ORIENTED_EDGE('',*,*,#2508,.T.);
#2506=EDGE_CURVE('',#259,#263,#2509,.F.);
#2507=EDGE_CURVE('',#263,#267,#2510,.T.);
#2508=EDGE_CURVE('',#267,#259,#2511,.T.);
#2509=LINE('',#258,#2512);
#2510=LINE('',#262,#2513);
#2511=LINE('',#266,#2514);
#2512=VECTOR('',#2515,1.0);
#2513=VECTOR('',#2516,1.0);
#2514=VECTOR('',#2517,1.0);
#2515=DIRECTION('',(-0.9536345340561356,-0.30096706706139303,0));
#2516=DIRECTION('',(-0.8490187514726208,-0.5283627159895671,0));
#2517=DIRECTION('',(0.9088176501677953,0.4171935746670687,0));
#2518=FACE_SURFACE('',(#2523),#2519,.T.);
#2519=PLANE('',#2520);
#2520=AXIS2_PLACEMENT_3D('',#266,#2521,#2522);
#2521=DIRECTION('',(0,0,1));
#2522=DIRECTION('',(-0.6853957619495774,-0.7281707557307957,0));
#2523=FACE_BOUND('',#2524,.T.);
#2524=EDGE_LOOP('',(#2525,#2526,#2527));
#2525=ORIENTED_EDGE('',*,*,#2528,.T.);
#2526=ORIENTED_EDGE('',*,*,#2529,.T.);
#2527=ORIENTED_EDGE('',*,*,#2530,.T.);
#2528=EDGE_CURVE('',#267,#271,#2531,.F.);
#2529=EDGE_CURVE('',#271,#155,#2532,.T.);
#2530=EDGE_CURVE('',#155,#267,#2533,.T.);
#2531=LINE('',#266,#2534);
#2532=LINE('',#270,#2535);
#2533=LINE('',#154,#2536);
#2534=VECTOR('',#2537,1.0);
#2535=VECTOR('',#2538,1.0);
#2536=VECTOR('',#2539,1.0);
#2537=DIRECTION('',(-0.6853957619495774,-0.7281707557307957,0));
#2538=DIRECTION('',(-0.4681542227841638,-0.8836467754082259,0));
#2539=DIRECTION('',(0.5828934103871534,0.8125486275462124,0));
#2540=FACE_SURFACE('',(#2545),#2541,.T.);
#2541=PLANE('',#2542);
#2542=AXIS2_PLACEMENT_3D('',#154,#2543,#2544);
#2543=DIRECTION('',(0,0,1));
#2544=DIRECTION('',(-0.0029908800535710972,-0.99999552730825,0));
#2545=FACE_BOUND('',#2546,.T.);
#2546=EDGE_LOOP('',(#2547,#2548,#2549));
#2547=ORIENTED_EDGE('',*,*,#2550,.T.);
#2548=ORIENTED_EDGE('',*,*,#2551,.T.);
#2549=ORIENTED_EDGE('',*,*,#2552,.T.);
#2550=EDGE_CURVE('',#155,#163,#2553,.F.);
#2551=EDGE_CURVE('',#163,#171,#2554,.T.);
#2552=EDGE_CURVE('',#171,#155,#2555,.T.);
#2553=LINE('',#154,#2556);
#2554=LINE('',#162,#2557);
#2555=LINE('',#170,#2558);
#2556=VECTOR('',#2559,1.0);
#2557=VECTOR('',#2560,1.0);
#2558=VECTOR('',#2561,1.0);
#2559=DIRECTION('',(-0.0029908800535710972,-0.99999552730825,0));
#2560=DIRECTION('',(0.0004978937197996216,-0.9999998760509142,0));
#2561=DIRECTION('',(0.002074200446269146,0.9999978488439407,0));
#2562=FACE_SURFACE('',(#2567),#2563,.T.);
#2563=PLANE('',#2564);
#2564=AXIS2_PLACEMENT_3D('',#170,#2565,#2566);
#2565=DIRECTION('',(0,0,1));
#2566=DIRECTION('',(0.35054394045826254,-0.9365462859933801,0));
#2567=FACE_BOUND('',#2568,.T.);
#2568=EDGE_LOOP('',(#2569,#2570,#2571));
#2569=ORIENTED_EDGE('',*,*,#2572,.T.);
#2570=ORIENTED_EDGE('',*,*,#2573,.T.);
#2571=ORIENTED_EDGE('',*,*,#2574,.T.);
#2572=EDGE_CURVE('',#171,#179,#2575,.F.);
#2573=EDGE_CURVE('',#179,#187,#2576,.T.);
#2574=EDGE_CURVE('',#187,#171,#2577,.T.);
#2575=LINE('',#170,#2578);
#2576=LINE('',#178,#2579);
#2577=LINE('',#186,#2580);
#2578=VECTOR('',#2581,1.0);
#2579=VECTOR('',#2582,1.0);
#2580=VECTOR('',#2583,1.0);
#2581=DIRECTION('',(0.35054394045826254,-0.9365462859933801,0));
#2582=DIRECTION('',(0.7665467817550922,-0.6421884702958401,0));
#2583=DIRECTION('',(-0.5578670587544764,0.8299303252422033,0));
#2584=FACE_SURFACE('',(#2589),#2585,.T.);
#2585=PLANE('',#2586);
#2586=AXIS2_PLACEMENT_3D('',#186,#2587,#2588);
#2587=DIRECTION('',(0,0,1));
#2588=DIRECTION('',(0.9652489799598037,-0.2613319855788005,0));
#2589=FACE_BOUND('',#2590,.T.);
#2590=EDGE_LOOP('',(#2591,#2592,#2593));
#2591=ORIENTED_EDGE('',*,*,#2594,.T.);
#2592=ORIENTED_EDGE('',*,*,#2595,.T.);
#2593=ORIENTED_EDGE('',*,*,#2596,.T.);
#2594=EDGE_CURVE('',#187,#195,#2597,.F.);
#2595=EDGE_CURVE('',#195,#203,#2598,.T.);
#2596=EDGE_CURVE('',#203,#187,#2599,.T.);
#2597=LINE('',#186,#2600);
#2598=LINE('',#194,#2601);
#2599=LINE('',#202,#2602);
#2600=VECTOR('',#2603,1.0);
#2601=VECTOR('',#2604,1.0);
#2602=VECTOR('',#2605,1.0);
#2603=DIRECTION('',(0.9652489799598037,-0.2613319855788005,0));
#2604=DIRECTION('',(0.9999998909990555,0.0004669067112401529,0));
#2605=DIRECTION('',(-0.9999638584185294,0.008501873718613367,0));
#2606=FACE_SURFACE('',(#2611),#2607,.T.);
#2607=PLANE('',#2608);
#2608=AXIS2_PLACEMENT_3D('',#202,#2609,#2610);
#2609=DIRECTION('',(0,0,1));
#2610=DIRECTION('',(0.9088078793135831,0.4172148589127045,0));
#2611=FACE_BOUND('',#2612,.T.);
#2612=EDGE_LOOP('',(#2613,#2614,#2615));
#2613=ORIENTED_EDGE('',*,*,#2616,.T.);
#2614=ORIENTED_EDGE('',*,*,#2617,.T.);
#2615=ORIENTED_EDGE('',*,*,#2618,.T.);
#2616=EDGE_CURVE('',#203,#211,#2619,.F.);
#2617=EDGE_CURVE('',#211,#219,#2620,.T.);
#2618=EDGE_CURVE('',#219,#203,#2621,.T.);
#2619=LINE('',#202,#2622);
#2620=LINE('',#210,#2623);
#2621=LINE('',#218,#2624);
#2622=VECTOR('',#2625,1.0);
#2623=VECTOR('',#2626,1.0);
#2624=VECTOR('',#2627,1.0);
#2625=DIRECTION('',(0.9088078793135831,0.4172148589127045,0));
#2626=DIRECTION('',(0.582878297063414,0.81255946909285,0));
#2627=DIRECTION('',(-0.7743762637121406,-0.6327253766044357,0));
#2628=FACE_SURFACE('',(#2633),#2629,.T.);
#2629=PLANE('',#2630);
#2630=AXIS2_PLACEMENT_3D('',#218,#2631,#2632);
#2631=DIRECTION('',(0,-0,1));
#2632=DIRECTION('',(0.002748813947822993,0.9999962220038034,0));
#2633=FACE_BOUND('',#2634,.T.);
#2634=EDGE_LOOP('',(#2635,#2636,#2637));
#2635=ORIENTED_EDGE('',*,*,#2638,.T.);
#2636=ORIENTED_EDGE('',*,*,#2639,.T.);
#2637=ORIENTED_EDGE('',*,*,#2640,.T.);
#2638=EDGE_CURVE('',#219,#227,#2641,.F.);
#2639=EDGE_CURVE('',#227,#235,#2642,.T.);
#2640=EDGE_CURVE('',#235,#219,#2643,.T.);
#2641=LINE('',#218,#2644);
#2642=LINE('',#226,#2645);
#2643=LINE('',#234,#2646);
#2644=VECTOR('',#2647,1.0);
#2645=VECTOR('',#2648,1.0);
#2646=VECTOR('',#2649,1.0);
#2647=DIRECTION('',(0.002748813947822993,0.9999962220038034,0));
#2648=DIRECTION('',(-0.013211595221713937,0.9999127230672173,0));
#2649=DIRECTION('',(0.0014757593687992937,-0.9999989110665498,0));
#2650=FACE_SURFACE('',(#2655),#2651,.T.);
#2651=PLANE('',#2652);
#2652=AXIS2_PLACEMENT_3D('',#234,#2653,#2654);
#2653=DIRECTION('',(0,0,1));
#2654=DIRECTION('',(-0.6830534514295957,0.7303683882056484,0));
#2655=FACE_BOUND('',#2656,.T.);
#2656=EDGE_LOOP('',(#2657,#2658,#2659));
#2657=ORIENTED_EDGE('',*,*,#2660,.T.);
#2658=ORIENTED_EDGE('',*,*,#2661,.T.);
#2659=ORIENTED_EDGE('',*,*,#2662,.T.);
#2660=EDGE_CURVE('',#235,#243,#2663,.F.);
#2661=EDGE_CURVE('',#243,#251,#2664,.T.);
#2662=EDGE_CURVE('',#251,#235,#2665,.T.);
#2663=LINE('',#234,#2666);
#2664=LINE('',#242,#2667);
#2665=LINE('',#250,#2668);
#2666=VECTOR('',#2669,1.0);
#2667=VECTOR('',#2670,1.0);
#2668=VECTOR('',#2671,1.0);
#2669=DIRECTION('',(-0.6830534514295957,0.7303683882056484,0));
#2670=DIRECTION('',(-0.9527039556339874,0.30389993899202,0));
#2671=DIRECTION('',(0.8473356305791891,-0.5310577455898442,0));
#2672=FACE_SURFACE('',(#2677),#2673,.T.);
#2673=PLANE('',#2674);
#2674=AXIS2_PLACEMENT_3D('',#250,#2675,#2676);
#2675=DIRECTION('',(0,0,1));
#2676=DIRECTION('',(-0.9999992278879235,-0.0012426679189898979,0));
#2677=FACE_BOUND('',#2678,.T.);
#2678=EDGE_LOOP('',(#2679,#2680,#2681));
#2679=ORIENTED_EDGE('',*,*,#2682,.T.);
#2680=ORIENTED_EDGE('',*,*,#2683,.T.);
#2681=ORIENTED_EDGE('',*,*,#2684,.T.);
#2682=EDGE_CURVE('',#251,#259,#2685,.F.);
#2683=EDGE_CURVE('',#259,#267,#2686,.T.);
#2684=EDGE_CURVE('',#267,#251,#2687,.T.);
#2685=LINE('',#250,#2688);
#2686=LINE('',#258,#2689);
#2687=LINE('',#266,#2690);
#2688=VECTOR('',#2691,1.0);
#2689=VECTOR('',#2692,1.0);
#2690=VECTOR('',#2693,1.0);
#2691=DIRECTION('',(-0.9999992278879235,-0.0012426679189898979,0));
#2692=DIRECTION('',(-0.9088176501677953,-0.4171935746670687,0));
#2693=DIRECTION('',(0.9998447898681098,0.01761806384355164,0));
#2694=FACE_SURFACE('',(#2699),#2695,.T.);
#2695=PLANE('',#2696);
#2696=AXIS2_PLACEMENT_3D('',#266,#2697,#2698);
#2697=DIRECTION('',(0,0,1));
#2698=DIRECTION('',(-0.5828934103871534,-0.8125486275462124,0));
#2699=FACE_BOUND('',#2700,.T.);
#2700=EDGE_LOOP('',(#2701,#2702,#2703));
#2701=ORIENTED_EDGE('',*,*,#2704,.T.);
#2702=ORIENTED_EDGE('',*,*,#2705,.T.);
#2703=ORIENTED_EDGE('',*,*,#2706,.T.);
#2704=EDGE_CURVE('',#267,#155,#2707,.F.);
#2705=EDGE_CURVE('',#155,#171,#2708,.T.);
#2706=EDGE_CURVE('',#171,#267,#2709,.T.);
#2707=LINE('',#266,#2710);
#2708=LINE('',#154,#2711);
#2709=LINE('',#170,#2712);
#2710=VECTOR('',#2713,1.0);
#2711=VECTOR('',#2714,1.0);
#2712=VECTOR('',#2715,1.0);
#2713=DIRECTION('',(-0.5828934103871534,-0.8125486275462124,0));
#2714=DIRECTION('',(-0.002074200446269146,-0.9999978488439407,0));
#2715=DIRECTION('',(0.011360160779234024,0.9999354712915579,0));
#2716=FACE_SURFACE('',(#2721),#2717,.T.);
#2717=PLANE('',#2718);
#2718=AXIS2_PLACEMENT_3D('',#170,#2719,#2720);
#2719=DIRECTION('',(0,0,1));
#2720=DIRECTION('',(0.5578670587544764,-0.8299303252422033,0));
#2721=FACE_BOUND('',#2722,.T.);
#2722=EDGE_LOOP('',(#2723,#2724,#2725));
#2723=ORIENTED_EDGE('',*,*,#2726,.T.);
#2724=ORIENTED_EDGE('',*,*,#2727,.T.);
#2725=ORIENTED_EDGE('',*,*,#2728,.T.);
#2726=EDGE_CURVE('',#171,#187,#2729,.F.);
#2727=EDGE_CURVE('',#187,#203,#2730,.T.);
#2728=EDGE_CURVE('',#203,#171,#2731,.T.);
#2729=LINE('',#170,#2732);
#2730=LINE('',#186,#2733);
#2731=LINE('',#202,#2734);
#2732=VECTOR('',#2735,1.0);
#2733=VECTOR('',#2736,1.0);
#2734=VECTOR('',#2737,1.0);
#2735=DIRECTION('',(0.5578670587544764,-0.8299303252422033,0));
#2736=DIRECTION('',(0.9999638584185294,-0.008501873718613367,0));
#2737=DIRECTION('',(-0.9978941203563927,0.0648638925608189,0));
#2738=FACE_SURFACE('',(#2743),#2739,.T.);
#2739=PLANE('',#2740);
#2740=AXIS2_PLACEMENT_3D('',#202,#2741,#2742);
#2741=DIRECTION('',(0,0,1));
#2742=DIRECTION('',(0.7743762637121406,0.6327253766044357,0));
#2743=FACE_BOUND('',#2744,.T.);
#2744=EDGE_LOOP('',(#2745,#2746,#2747));
#2745=ORIENTED_EDGE('',*,*,#2748,.T.);
#2746=ORIENTED_EDGE('',*,*,#2749,.T.);
#2747=ORIENTED_EDGE('',*,*,#2750,.T.);
#2748=EDGE_CURVE('',#203,#219,#2751,.F.);
#2749=EDGE_CURVE('',#219,#235,#2752,.T.);
#2750=EDGE_CURVE('',#235,#203,#2753,.T.);
#2751=LINE('',#202,#2754);
#2752=LINE('',#218,#2755);
#2753=LINE('',#234,#2756);
#2754=VECTOR('',#2757,1.0);
#2755=VECTOR('',#2758,1.0);
#2756=VECTOR('',#2759,1.0);
#2757=DIRECTION('',(0.7743762637121406,0.6327253766044357,0));
#2758=DIRECTION('',(-0.0014757593687992937,0.9999989110665498,0));
#2759=DIRECTION('',(-0.02242136657645358,-0.999748609561846,0));
#2760=FACE_SURFACE('',(#2765),#2761,.T.);
#2761=PLANE('',#2762);
#2762=AXIS2_PLACEMENT_3D('',#234,#2763,#2764);
#2763=DIRECTION('',(0,0,1));
#2764=DIRECTION('',(-0.8473356305791891,0.5310577455898442,0));
#2765=FACE_BOUND('',#2766,.T.);
#2766=EDGE_LOOP('',(#2767,#2768,#2769));
#2767=ORIENTED_EDGE('',*,*,#2770,.T.);
#2768=ORIENTED_EDGE('',*,*,#2771,.T.);
#2769=ORIENTED_EDGE('',*,*,#2772,.T.);
#2770=EDGE_CURVE('',#235,#251,#2773,.F.);
#2771=EDGE_CURVE('',#251,#267,#2774,.T.);
#2772=EDGE_CURVE('',#267,#235,#2775,.T.);
#2773=LINE('',#234,#2776);
#2774=LINE('',#250,#2777);
#2775=LINE('',#266,#2778);
#2776=VECTOR('',#2779,1.0);
#2777=VECTOR('',#2780,1.0);
#2778=VECTOR('',#2781,1.0);
#2779=DIRECTION('',(-0.8473356305791891,0.5310577455898442,0));
#2780=DIRECTION('',(-0.9998447898681098,-0.01761806384355164,0));
#2781=DIRECTION('',(0.9997772562520987,-0.021105399333474953,0));
#2782=FACE_SURFACE('',(#2787),#2783,.T.);
#2783=PLANE('',#2784);
#2784=AXIS2_PLACEMENT_3D('',#266,#2785,#2786);
#2785=DIRECTION('',(0,0,1));
#2786=DIRECTION('',(-0.011360160779234024,-0.9999354712915579,0));
#2787=FACE_BOUND('',#2788,.T.);
#2788=EDGE_LOOP('',(#2789,#2790,#2791));
#2789=ORIENTED_EDGE('',*,*,#2792,.T.);
#2790=ORIENTED_EDGE('',*,*,#2793,.T.);
#2791=ORIENTED_EDGE('',*,*,#2794,.T.);
#2792=EDGE_CURVE('',#267,#171,#2795,.F.);
#2793=EDGE_CURVE('',#171,#203,#2796,.T.);
#2794=EDGE_CURVE('',#203,#267,#2797,.T.);
#2795=LINE('',#266,#2798);
#2796=LINE('',#170,#2799);
#2797=LINE('',#202,#2800);
#2798=VECTOR('',#2801,1.0);
#2799=VECTOR('',#2802,1.0);
#2800=VECTOR('',#2803,1.0);
#2801=DIRECTION('',(-0.011360160779234024,-0.9999354712915579,0));
#2802=DIRECTION('',(0.9978941203563927,-0.0648638925608189,0));
#2803=DIRECTION('',(-0.3808896385025605,0.9246205077118875,0));
#2804=FACE_SURFACE('',(#2809),#2805,.T.);
#2805=PLANE('',#2806);
#2806=AXIS2_PLACEMENT_3D('',#202,#2807,#2808);
#2807=DIRECTION('',(0,-0,1));
#2808=DIRECTION('',(0.02242136657645358,0.999748609561846,0));
#2809=FACE_BOUND('',#2810,.T.);
#2810=EDGE_LOOP('',(#2811,#2812,#2813));
#2811=ORIENTED_EDGE('',*,*,#2814,.T.);
#2812=ORIENTED_EDGE('',*,*,#2815,.T.);
#2813=ORIENTED_EDGE('',*,*,#2816,.T.);
#2814=EDGE_CURVE('',#203,#235,#2817,.F.);
#2815=EDGE_CURVE('',#235,#267,#2818,.T.);
#2816=EDGE_CURVE('',#267,#203,#2819,.T.);
#2817=LINE('',#202,#2820);
#2818=LINE('',#234,#2821);
#2819=LINE('',#266,#2822);
#2820=VECTOR('',#2823,1.0);
#2821=VECTOR('',#2824,1.0);
#2822=VECTOR('',#2825,1.0);
#2823=DIRECTION('',(0.02242136657645358,0.999748609561846,0));
#2824=DIRECTION('',(-0.9997772562520987,0.021105399333474953,0));
#2825=DIRECTION('',(0.3808896385025605,-0.9246205077118875,0));
#2826=FACE_SURFACE('',(#2831),#2827,.T.);
#2827=PLANE('',#2828);
#2828=AXIS2_PLACEMENT_3D('',#262,#2829,#2830);
#2829=DIRECTION('',(-0.3610712219135488,0.932538241953428,-5.163661048375372E-07));
#2830=DIRECTION('',(0.10606720951624815,0.04106781063434388,-0.9935105344157845));
#2831=FACE_BOUND('',#2832,.T.);
#2832=EDGE_LOOP('',(#2833,#2834,#2835));
#2833=ORIENTED_EDGE('',*,*,#2836,.T.);
#2834=ORIENTED_EDGE('',*,*,#2837,.T.);
#2835=ORIENTED_EDGE('',*,*,#2838,.T.);
#2836=EDGE_CURVE('',#263,#81,#2839,.F.);
#2837=EDGE_CURVE('',#81,#87,#2840,.T.);
#2838=EDGE_CURVE('',#87,#263,#2841,.T.);
#2839=LINE('',#262,#2842);
#2840=LINE('',#80,#2843);
#2841=LINE('',#86,#2844);
#2842=VECTOR('',#2845,1.0);
#2843=VECTOR('',#2846,1.0);
#2844=VECTOR('',#2847,1.0);
#2845=DIRECTION('',(0.10606720951624815,0.04106781063434388,-0.9935105344157845));
#2846=DIRECTION('',(-0.9325382419535523,-0.36107122191359686,0));
#2847=DIRECTION('',(0.09016038598618292,0.03490991920618872,0.9953152276238116));
#2848=FACE_SURFACE('',(#2853),#2849,.T.);
#2849=PLANE('',#2850);
#2850=AXIS2_PLACEMENT_3D('',#262,#2851,#2852);
#2851=DIRECTION('',(-0.3610761790922776,0.9325363225591384,0));
#2852=DIRECTION('',(-0.09016038598618292,-0.03490991920618872,-0.9953152276238116));
#2853=FACE_BOUND('',#2854,.T.);
#2854=EDGE_LOOP('',(#2855,#2856,#2857));
#2855=ORIENTED_EDGE('',*,*,#2858,.T.);
#2856=ORIENTED_EDGE('',*,*,#2859,.T.);
#2857=ORIENTED_EDGE('',*,*,#2860,.T.);
#2858=EDGE_CURVE('',#263,#87,#2861,.F.);
#2859=EDGE_CURVE('',#87,#265,#2862,.T.);
#2860=EDGE_CURVE('',#265,#263,#2863,.T.);
#2861=LINE('',#262,#2864);
#2862=LINE('',#86,#2865);
#2863=LINE('',#264,#2866);
#2864=VECTOR('',#2867,1.0);
#2865=VECTOR('',#2868,1.0);
#2866=VECTOR('',#2869,1.0);
#2867=DIRECTION('',(-0.09016038598618292,-0.03490991920618872,-0.9953152276238116));
#2868=DIRECTION('',(0,0,1));
#2869=DIRECTION('',(0.9325363225591384,0.3610761790922776,0));
#2870=FACE_SURFACE('',(#2875),#2871,.T.);
#2871=PLANE('',#2872);
#2872=AXIS2_PLACEMENT_3D('',#106,#2873,#2874);
#2873=DIRECTION('',(-1,0,0));
#2874=DIRECTION('',(0,-1,0));
#2875=FACE_BOUND('',#2876,.T.);
#2876=EDGE_LOOP('',(#2877,#2878,#2879));
#2877=ORIENTED_EDGE('',*,*,#2880,.T.);
#2878=ORIENTED_EDGE('',*,*,#2881,.T.);
#2879=ORIENTED_EDGE('',*,*,#2882,.T.);
#2880=EDGE_CURVE('',#107,#105,#2883,.F.);
#2881=EDGE_CURVE('',#105,#167,#2884,.T.);
#2882=EDGE_CURVE('',#167,#107,#2885,.T.);
#2883=LINE('',#106,#2886);
#2884=LINE('',#104,#2887);
#2885=LINE('',#166,#2888);
#2886=VECTOR('',#2889,1.0);
#2887=VECTOR('',#2890,1.0);
#2888=VECTOR('',#2891,1.0);
#2889=DIRECTION('',(0,-1,0));
#2890=DIRECTION('',(0,-0.120301397101359,0.9927374143525877));
#2891=DIRECTION('',(0,0.2845428346432114,-0.958663327374739));
#2892=FACE_SURFACE('',(#2897),#2893,.T.);
#2893=PLANE('',#2894);
#2894=AXIS2_PLACEMENT_3D('',#106,#2895,#2896);
#2895=DIRECTION('',(-1,0,0));
#2896=DIRECTION('',(0,-0.2845428346432114,0.958663327374739));
#2897=FACE_BOUND('',#2898,.T.);
#2898=EDGE_LOOP('',(#2899,#2900,#2901));
#2899=ORIENTED_EDGE('',*,*,#2902,.T.);
#2900=ORIENTED_EDGE('',*,*,#2903,.T.);
#2901=ORIENTED_EDGE('',*,*,#2904,.T.);
#2902=EDGE_CURVE('',#107,#167,#2905,.F.);
#2903=EDGE_CURVE('',#167,#165,#2906,.T.);
#2904=EDGE_CURVE('',#165,#107,#2907,.T.);
#2905=LINE('',#106,#2908);
#2906=LINE('',#166,#2909);
#2907=LINE('',#164,#2910);
#2908=VECTOR('',#2911,1.0);
#2909=VECTOR('',#2912,1.0);
#2910=VECTOR('',#2913,1.0);
#2911=DIRECTION('',(0,-0.2845428346432114,0.958663327374739));
#2912=DIRECTION('',(0,1,0));
#2913=DIRECTION('',(0,0,-1));
#2914=FACE_SURFACE('',(#2919),#2915,.T.);
#2915=PLANE('',#2916);
#2916=AXIS2_PLACEMENT_3D('',#266,#2917,#2918);
#2917=DIRECTION('',(-0.5827770046950047,0.8126321202070369,2.556219218985871E-06));
#2918=DIRECTION('',(0.09111097824637422,0.06534312609388093,-0.9936946540639473));
#2919=FACE_BOUND('',#2920,.T.);
#2920=EDGE_LOOP('',(#2921,#2922,#2923));
#2921=ORIENTED_EDGE('',*,*,#2924,.T.);
#2922=ORIENTED_EDGE('',*,*,#2925,.T.);
#2923=ORIENTED_EDGE('',*,*,#2926,.T.);
#2924=EDGE_CURVE('',#267,#85,#2927,.F.);
#2925=EDGE_CURVE('',#85,#91,#2928,.T.);
#2926=EDGE_CURVE('',#91,#267,#2929,.T.);
#2927=LINE('',#266,#2930);
#2928=LINE('',#84,#2931);
#2929=LINE('',#90,#2932);
#2930=VECTOR('',#2933,1.0);
#2931=VECTOR('',#2934,1.0);
#2932=VECTOR('',#2935,1.0);
#2933=DIRECTION('',(0.09111097824637422,0.06534312609388093,-0.9936946540639473));
#2934=DIRECTION('',(-0.8126321202096919,-0.5827770046969087,0));
#2935=DIRECTION('',(0.07744193260327778,0.05553414861693587,0.9954489968913833));
#2936=FACE_SURFACE('',(#2941),#2937,.T.);
#2937=PLANE('',#2938);
#2938=AXIS2_PLACEMENT_3D('',#266,#2939,#2940);
#2939=DIRECTION('',(-0.58275530561448,0.812647681211344,0));
#2940=DIRECTION('',(-0.07744193260327778,-0.05553414861693587,-0.9954489968913833));
#2941=FACE_BOUND('',#2942,.T.);
#2942=EDGE_LOOP('',(#2943,#2944,#2945));
#2943=ORIENTED_EDGE('',*,*,#2946,.T.);
#2944=ORIENTED_EDGE('',*,*,#2947,.T.);
#2945=ORIENTED_EDGE('',*,*,#2948,.T.);
#2946=EDGE_CURVE('',#267,#91,#2949,.F.);
#2947=EDGE_CURVE('',#91,#269,#2950,.T.);
#2948=EDGE_CURVE('',#269,#267,#2951,.T.);
#2949=LINE('',#266,#2952);
#2950=LINE('',#90,#2953);
#2951=LINE('',#268,#2954);
#2952=VECTOR('',#2955,1.0);
#2953=VECTOR('',#2956,1.0);
#2954=VECTOR('',#2957,1.0);
#2955=DIRECTION('',(-0.07744193260327778,-0.05553414861693587,-0.9954489968913833));
#2956=DIRECTION('',(0,0,1));
#2957=DIRECTION('',(0.812647681211344,0.58275530561448,0));
#2958=FACE_SURFACE('',(#2963),#2959,.T.);
#2959=PLANE('',#2960);
#2960=AXIS2_PLACEMENT_3D('',#242,#2961,#2962);
#2961=DIRECTION('',(0.5827960370984713,0.8126184708348517,-5.868467837327265E-07));
#2962=DIRECTION('',(0.09110723035021845,-0.06534126143029947,-0.9936951203123671));
#2963=FACE_BOUND('',#2964,.T.);
#2964=EDGE_LOOP('',(#2965,#2966,#2967));
#2965=ORIENTED_EDGE('',*,*,#2968,.T.);
#2966=ORIENTED_EDGE('',*,*,#2969,.T.);
#2967=ORIENTED_EDGE('',*,*,#2970,.T.);
#2968=EDGE_CURVE('',#243,#61,#2971,.F.);
#2969=EDGE_CURVE('',#61,#67,#2972,.T.);
#2970=EDGE_CURVE('',#67,#243,#2973,.T.);
#2971=LINE('',#242,#2974);
#2972=LINE('',#60,#2975);
#2973=LINE('',#66,#2976);
#2974=VECTOR('',#2977,1.0);
#2975=VECTOR('',#2978,1.0);
#2976=VECTOR('',#2979,1.0);
#2977=DIRECTION('',(0.09110723035021845,-0.06534126143029947,-0.9936951203123671));
#2978=DIRECTION('',(-0.8126184708349917,0.5827960370985716,0));
#2979=DIRECTION('',(0.07744002899011396,-0.055537942407164705,0.9954489333276664));
#2980=FACE_SURFACE('',(#2985),#2981,.T.);
#2981=PLANE('',#2982);
#2982=AXIS2_PLACEMENT_3D('',#242,#2983,#2984);
#2983=DIRECTION('',(0.5827910556637685,0.8126220434115174,0));
#2984=DIRECTION('',(-0.07744002899011396,0.055537942407164705,-0.9954489333276664));
#2985=FACE_BOUND('',#2986,.T.);
#2986=EDGE_LOOP('',(#2987,#2988,#2989));
#2987=ORIENTED_EDGE('',*,*,#2990,.T.);
#2988=ORIENTED_EDGE('',*,*,#2991,.T.);
#2989=ORIENTED_EDGE('',*,*,#2992,.T.);
#2990=EDGE_CURVE('',#243,#67,#2993,.F.);
#2991=EDGE_CURVE('',#67,#245,#2994,.T.);
#2992=EDGE_CURVE('',#245,#243,#2995,.T.);
#2993=LINE('',#242,#2996);
#2994=LINE('',#66,#2997);
#2995=LINE('',#244,#2998);
#2996=VECTOR('',#2999,1.0);
#2997=VECTOR('',#3000,1.0);
#2998=VECTOR('',#3001,1.0);
#2999=DIRECTION('',(-0.07744002899011396,0.055537942407164705,-0.9954489333276664));
#3000=DIRECTION('',(0,0,1));
#3001=DIRECTION('',(0.8126220434115174,-0.5827910556637685,0));
#3002=FACE_SURFACE('',(#3007),#3003,.T.);
#3003=PLANE('',#3004);
#3004=AXIS2_PLACEMENT_3D('',#190,#3005,#3006);
#3005=DIRECTION('',(-0.31090255805476746,-0.9504417916921541,9.900651875025364E-08));
#3006=DIRECTION('',(-0.0931176997861548,0.030459974284109674,-0.9951890694501958));
#3007=FACE_BOUND('',#3008,.T.);
#3008=EDGE_LOOP('',(#3009,#3010,#3011));
#3009=ORIENTED_EDGE('',*,*,#3012,.T.);
#3010=ORIENTED_EDGE('',*,*,#3013,.T.);
#3011=ORIENTED_EDGE('',*,*,#3014,.T.);
#3012=EDGE_CURVE('',#191,#129,#3015,.F.);
#3013=EDGE_CURVE('',#129,#135,#3016,.T.);
#3014=EDGE_CURVE('',#135,#191,#3017,.T.);
#3015=LINE('',#190,#3018);
#3016=LINE('',#128,#3019);
#3017=LINE('',#134,#3020);
#3018=VECTOR('',#3021,1.0);
#3019=VECTOR('',#3022,1.0);
#3020=VECTOR('',#3023,1.0);
#3021=DIRECTION('',(-0.0931176997861548,0.030459974284109674,-0.9951890694501958));
#3022=DIRECTION('',(0.9504417916921588,-0.310902558054769,0));
#3023=DIRECTION('',(-0.07911688907194922,0.025880324366747004,0.9965293405987847));
#3024=FACE_SURFACE('',(#3029),#3025,.T.);
#3025=PLANE('',#3026);
#3026=AXIS2_PLACEMENT_3D('',#190,#3027,#3028);
#3027=DIRECTION('',(-0.31090368456586587,-0.9504414231941748,0));
#3028=DIRECTION('',(0.07911688907194922,-0.025880324366747004,-0.9965293405987847));
#3029=FACE_BOUND('',#3030,.T.);
#3030=EDGE_LOOP('',(#3031,#3032,#3033));
#3031=ORIENTED_EDGE('',*,*,#3034,.T.);
#3032=ORIENTED_EDGE('',*,*,#3035,.T.);
#3033=ORIENTED_EDGE('',*,*,#3036,.T.);
#3034=EDGE_CURVE('',#191,#135,#3037,.F.);
#3035=EDGE_CURVE('',#135,#193,#3038,.T.);
#3036=EDGE_CURVE('',#193,#191,#3039,.T.);
#3037=LINE('',#190,#3040);
#3038=LINE('',#134,#3041);
#3039=LINE('',#192,#3042);
#3040=VECTOR('',#3043,1.0);
#3041=VECTOR('',#3044,1.0);
#3042=VECTOR('',#3045,1.0);
#3043=DIRECTION('',(0.07911688907194922,-0.025880324366747004,-0.9965293405987847));
#3044=DIRECTION('',(0,0,1));
#3045=DIRECTION('',(-0.9504414231941748,0.31090368456586587,0));
#3046=FACE_SURFACE('',(#3051),#3047,.T.);
#3047=PLANE('',#3048);
#3048=AXIS2_PLACEMENT_3D('',#252,#3049,#3050);
#3049=DIRECTION('',(-2.4403391229463173E-07,0.9999999999999702,0));
#3050=DIRECTION('',(0,0,-1));
#3051=FACE_BOUND('',#3052,.T.);
#3052=EDGE_LOOP('',(#3053,#3054,#3055));
#3053=ORIENTED_EDGE('',*,*,#3056,.T.);
#3054=ORIENTED_EDGE('',*,*,#3057,.T.);
#3055=ORIENTED_EDGE('',*,*,#3058,.T.);
#3056=EDGE_CURVE('',#253,#75,#3059,.F.);
#3057=EDGE_CURVE('',#75,#73,#3060,.T.);
#3058=EDGE_CURVE('',#73,#253,#3061,.T.);
#3059=LINE('',#252,#3062);
#3060=LINE('',#74,#3063);
#3061=LINE('',#72,#3064);
#3062=VECTOR('',#3065,1.0);
#3063=VECTOR('',#3066,1.0);
#3064=VECTOR('',#3067,1.0);
#3065=DIRECTION('',(0,0,-1));
#3066=DIRECTION('',(-0.9999999999999702,-2.4403391229463173E-07,0));
#3067=DIRECTION('',(0.9919142957772962,2.420607262595153E-07,0.12690953404914876));
#3068=FACE_SURFACE('',(#3073),#3069,.T.);
#3069=PLANE('',#3070);
#3070=AXIS2_PLACEMENT_3D('',#252,#3071,#3072);
#3071=DIRECTION('',(-1.444007403569906E-07,0.9999999999996864,-7.787245325496311E-07));
#3072=DIRECTION('',(-0.9919142957772962,-2.420607262595153E-07,-0.12690953404914876));
#3073=FACE_BOUND('',#3074,.T.);
#3074=EDGE_LOOP('',(#3075,#3076,#3077));
#3075=ORIENTED_EDGE('',*,*,#3078,.T.);
#3076=ORIENTED_EDGE('',*,*,#3079,.T.);
#3077=ORIENTED_EDGE('',*,*,#3080,.T.);
#3078=EDGE_CURVE('',#253,#73,#3081,.F.);
#3079=EDGE_CURVE('',#73,#255,#3082,.T.);
#3080=EDGE_CURVE('',#255,#253,#3083,.T.);
#3081=LINE('',#252,#3084);
#3082=LINE('',#72,#3085);
#3083=LINE('',#254,#3086);
#3084=VECTOR('',#3087,1.0);
#3085=VECTOR('',#3088,1.0);
#3086=VECTOR('',#3089,1.0);
#3087=DIRECTION('',(-0.9919142957772962,-2.420607262595153E-07,-0.12690953404914876));
#3088=DIRECTION('',(-0.9832384604316997,0,0.182324243938926));
#3089=DIRECTION('',(0.9999999999999896,1.4440074035703437E-07,0));
#3090=FACE_SURFACE('',(#3095),#3091,.T.);
#3091=PLANE('',#3092);
#3092=AXIS2_PLACEMENT_3D('',#160,#3093,#3094);
#3093=DIRECTION('',(-0.9999999473950367,0.0003243607924797806,0));
#3094=DIRECTION('',(0,0,-1));
#3095=FACE_BOUND('',#3096,.T.);
#3096=EDGE_LOOP('',(#3097,#3098,#3099));
#3097=ORIENTED_EDGE('',*,*,#3100,.T.);
#3098=ORIENTED_EDGE('',*,*,#3101,.T.);
#3099=ORIENTED_EDGE('',*,*,#3102,.T.);
#3100=EDGE_CURVE('',#161,#103,#3103,.F.);
#3101=EDGE_CURVE('',#103,#101,#3104,.T.);
#3102=EDGE_CURVE('',#101,#161,#3105,.T.);
#3103=LINE('',#160,#3106);
#3104=LINE('',#102,#3107);
#3105=LINE('',#100,#3108);
#3106=VECTOR('',#3109,1.0);
#3107=VECTOR('',#3110,1.0);
#3108=VECTOR('',#3111,1.0);
#3109=DIRECTION('',(0,0,-1));
#3110=DIRECTION('',(-0.0003243607924797806,-0.9999999473950367,0));
#3111=DIRECTION('',(0.00032391574488615024,0.9986278716678314,0.05236667840113165));
#3112=FACE_SURFACE('',(#3117),#3113,.T.);
#3113=PLANE('',#3114);
#3114=AXIS2_PLACEMENT_3D('',#160,#3115,#3116);
#3115=DIRECTION('',(-0.9999999473871577,0.00032438476080611666,-4.5707388743024077E-07));
#3116=DIRECTION('',(-0.00032391574488615024,-0.9986278716678314,-0.05236667840113165));
#3117=FACE_BOUND('',#3118,.T.);
#3118=EDGE_LOOP('',(#3119,#3120,#3121));
#3119=ORIENTED_EDGE('',*,*,#3122,.T.);
#3120=ORIENTED_EDGE('',*,*,#3123,.T.);
#3121=ORIENTED_EDGE('',*,*,#3124,.T.);
#3122=EDGE_CURVE('',#161,#101,#3125,.F.);
#3123=EDGE_CURVE('',#101,#163,#3126,.T.);
#3124=EDGE_CURVE('',#163,#161,#3127,.T.);
#3125=LINE('',#160,#3128);
#3126=LINE('',#100,#3129);
#3127=LINE('',#162,#3130);
#3128=VECTOR('',#3131,1.0);
#3129=VECTOR('',#3132,1.0);
#3130=VECTOR('',#3133,1.0);
#3131=DIRECTION('',(-0.00032391574488615024,-0.9986278716678314,-0.05236667840113165));
#3132=DIRECTION('',(-0.0003234866008235848,-0.9971243563396467,0.07578201205209813));
#3133=DIRECTION('',(0.0003243847608061505,0.999999947387262,0));
#3134=FACE_SURFACE('',(#3139),#3135,.T.);
#3135=PLANE('',#3136);
#3136=AXIS2_PLACEMENT_3D('',#210,#3137,#3138);
#3137=DIRECTION('',(0.5828148598145265,-0.8126049711753733,6.667640884984413E-07));
#3138=DIRECTION('',(-0.09109223871426368,-0.06533380274688437,-0.9936969851341276));
#3139=FACE_BOUND('',#3140,.T.);
#3140=EDGE_LOOP('',(#3141,#3142,#3143));
#3141=ORIENTED_EDGE('',*,*,#3144,.T.);
#3142=ORIENTED_EDGE('',*,*,#3145,.T.);
#3143=ORIENTED_EDGE('',*,*,#3146,.T.);
#3144=EDGE_CURVE('',#211,#149,#3147,.F.);
#3145=EDGE_CURVE('',#149,#153,#3148,.T.);
#3146=EDGE_CURVE('',#153,#211,#3149,.T.);
#3147=LINE('',#210,#3150);
#3148=LINE('',#148,#3151);
#3149=LINE('',#152,#3152);
#3150=VECTOR('',#3153,1.0);
#3151=VECTOR('',#3154,1.0);
#3152=VECTOR('',#3155,1.0);
#3153=DIRECTION('',(-0.09109223871426368,-0.06533380274688437,-0.9936969851341276));
#3154=DIRECTION('',(0.812604971175554,0.582814859814656,0));
#3155=DIRECTION('',(-0.0774259070077495,-0.05553043238568012,0.9954504508025936));
#3156=FACE_SURFACE('',(#3161),#3157,.T.);
#3157=PLANE('',#3158);
#3158=AXIS2_PLACEMENT_3D('',#210,#3159,#3160);
#3159=DIRECTION('',(0.5828091991457801,-0.8126090310789403,0));
#3160=DIRECTION('',(0.0774259070077495,0.05553043238568012,-0.9954504508025936));
#3161=FACE_BOUND('',#3162,.T.);
#3162=EDGE_LOOP('',(#3163,#3164,#3165));
#3163=ORIENTED_EDGE('',*,*,#3166,.T.);
#3164=ORIENTED_EDGE('',*,*,#3167,.T.);
#3165=ORIENTED_EDGE('',*,*,#3168,.T.);
#3166=EDGE_CURVE('',#211,#153,#3169,.F.);
#3167=EDGE_CURVE('',#153,#213,#3170,.T.);
#3168=EDGE_CURVE('',#213,#211,#3171,.T.);
#3169=LINE('',#210,#3172);
#3170=LINE('',#152,#3173);
#3171=LINE('',#212,#3174);
#3172=VECTOR('',#3175,1.0);
#3173=VECTOR('',#3176,1.0);
#3174=VECTOR('',#3177,1.0);
#3175=DIRECTION('',(0.0774259070077495,0.05553043238568012,-0.9954504508025936));
#3176=DIRECTION('',(0,0,1));
#3177=DIRECTION('',(-0.8126090310789403,-0.5828091991457801,0));
#3178=FACE_SURFACE('',(#3183),#3179,.T.);
#3179=PLANE('',#3180);
#3180=AXIS2_PLACEMENT_3D('',#270,#3181,#3182);
#3181=DIRECTION('',(-0.7729687967287566,0.6344440395209006,3.1649526249229616E-07));
#3182=DIRECTION('',(0.06990898148535918,0.08517343138421517,-0.9939105698672884));
#3183=FACE_BOUND('',#3184,.T.);
#3184=EDGE_LOOP('',(#3185,#3186,#3187));
#3185=ORIENTED_EDGE('',*,*,#3188,.T.);
#3186=ORIENTED_EDGE('',*,*,#3189,.T.);
#3187=ORIENTED_EDGE('',*,*,#3190,.T.);
#3188=EDGE_CURVE('',#271,#89,#3191,.F.);
#3189=EDGE_CURVE('',#89,#95,#3192,.T.);
#3190=EDGE_CURVE('',#95,#271,#3193,.T.);
#3191=LINE('',#270,#3194);
#3192=LINE('',#88,#3195);
#3193=LINE('',#94,#3196);
#3194=VECTOR('',#3197,1.0);
#3195=VECTOR('',#3198,1.0);
#3196=VECTOR('',#3199,1.0);
#3197=DIRECTION('',(0.06990898148535918,0.08517343138421517,-0.9939105698672884));
#3198=DIRECTION('',(-0.6344440395209323,-0.7729687967287954,0));
#3199=DIRECTION('',(0.059417686782621125,0.07239047085572796,0.9956049207525484));
#3200=FACE_SURFACE('',(#3205),#3201,.T.);
#3201=PLANE('',#3202);
#3202=AXIS2_PLACEMENT_3D('',#270,#3203,#3204);
#3203=DIRECTION('',(-0.7729666620731728,0.6344466402491682,0));
#3204=DIRECTION('',(-0.059417686782621125,-0.07239047085572796,-0.9956049207525484));
#3205=FACE_BOUND('',#3206,.T.);
#3206=EDGE_LOOP('',(#3207,#3208,#3209));
#3207=ORIENTED_EDGE('',*,*,#3210,.T.);
#3208=ORIENTED_EDGE('',*,*,#3211,.T.);
#3209=ORIENTED_EDGE('',*,*,#3212,.T.);
#3210=EDGE_CURVE('',#271,#95,#3213,.F.);
#3211=EDGE_CURVE('',#95,#273,#3214,.T.);
#3212=EDGE_CURVE('',#273,#271,#3215,.T.);
#3213=LINE('',#270,#3216);
#3214=LINE('',#94,#3217);
#3215=LINE('',#272,#3218);
#3216=VECTOR('',#3219,1.0);
#3217=VECTOR('',#3220,1.0);
#3218=VECTOR('',#3221,1.0);
#3219=DIRECTION('',(-0.059417686782621125,-0.07239047085572796,-0.9956049207525484));
#3220=DIRECTION('',(0,0,1));
#3221=DIRECTION('',(0.6344466402491682,0.7729666620731728,0));
#3222=FACE_SURFACE('',(#3227),#3223,.T.);
#3223=PLANE('',#3224);
#3224=AXIS2_PLACEMENT_3D('',#220,#3225,#3226);
#3225=DIRECTION('',(0.9902367990358616,-0.13939541540241102,0));
#3226=DIRECTION('',(0,0,-1));
#3227=FACE_BOUND('',#3228,.T.);
#3228=EDGE_LOOP('',(#3229,#3230,#3231));
#3229=ORIENTED_EDGE('',*,*,#3232,.T.);
#3230=ORIENTED_EDGE('',*,*,#3233,.T.);
#3231=ORIENTED_EDGE('',*,*,#3234,.T.);
#3232=EDGE_CURVE('',#221,#43,#3235,.F.);
#3233=EDGE_CURVE('',#43,#41,#3236,.T.);
#3234=EDGE_CURVE('',#41,#221,#3237,.T.);
#3235=LINE('',#220,#3238);
#3236=LINE('',#42,#3239);
#3237=LINE('',#40,#3240);
#3238=VECTOR('',#3241,1.0);
#3239=VECTOR('',#3242,1.0);
#3240=VECTOR('',#3243,1.0);
#3241=DIRECTION('',(0,0,-1));
#3242=DIRECTION('',(0.13939541540241102,0.9902367990358616,0));
#3243=DIRECTION('',(-0.021585145433601783,-0.15333650148528255,0.9879382565772338));
#3244=FACE_SURFACE('',(#3249),#3245,.T.);
#3245=PLANE('',#3246);
#3246=AXIS2_PLACEMENT_3D('',#220,#3247,#3248);
#3247=DIRECTION('',(0.9902364611071122,-0.1393978159582067,-3.7997017124476395E-07));
#3248=DIRECTION('',(0.021585145433601783,0.15333650148528255,-0.9879382565772338));
#3249=FACE_BOUND('',#3250,.T.);
#3250=EDGE_LOOP('',(#3251,#3252,#3253));
#3251=ORIENTED_EDGE('',*,*,#3254,.T.);
#3252=ORIENTED_EDGE('',*,*,#3255,.T.);
#3253=ORIENTED_EDGE('',*,*,#3256,.T.);
#3254=EDGE_CURVE('',#221,#41,#3257,.F.);
#3255=EDGE_CURVE('',#41,#223,#3258,.T.);
#3256=EDGE_CURVE('',#223,#221,#3259,.T.);
#3257=LINE('',#220,#3260);
#3258=LINE('',#40,#3261);
#3259=LINE('',#222,#3262);
#3260=VECTOR('',#3263,1.0);
#3261=VECTOR('',#3264,1.0);
#3262=VECTOR('',#3265,1.0);
#3263=DIRECTION('',(0.021585145433601783,0.15333650148528255,-0.9879382565772338));
#3264=DIRECTION('',(0.014988290278179286,0.10646919862837224,0.9942030280068398));
#3265=DIRECTION('',(-0.13939781595821676,-0.9902364611071838,0));
#3266=FACE_SURFACE('',(#3271),#3267,.T.);
#3267=PLANE('',#3268);
#3268=AXIS2_PLACEMENT_3D('',#244,#3269,#3270);
#3269=DIRECTION('',(0.3610360252578184,0.9325518690485992,0));
#3270=DIRECTION('',(0,0,-1));
#3271=FACE_BOUND('',#3272,.T.);
#3272=EDGE_LOOP('',(#3273,#3274,#3275));
#3273=ORIENTED_EDGE('',*,*,#3276,.T.);
#3274=ORIENTED_EDGE('',*,*,#3277,.T.);
#3275=ORIENTED_EDGE('',*,*,#3278,.T.);
#3276=EDGE_CURVE('',#245,#67,#3279,.F.);
#3277=EDGE_CURVE('',#67,#65,#3280,.T.);
#3278=EDGE_CURVE('',#65,#245,#3281,.T.);
#3279=LINE('',#244,#3282);
#3280=LINE('',#66,#3283);
#3281=LINE('',#64,#3284);
#3282=VECTOR('',#3285,1.0);
#3283=VECTOR('',#3286,1.0);
#3284=VECTOR('',#3287,1.0);
#3285=DIRECTION('',(0,0,-1));
#3286=DIRECTION('',(-0.9325518690485992,0.3610360252578184,0));
#3287=DIRECTION('',(0.15264940610963745,-0.059097983360449344,0.9865118281992888));
#3288=FACE_SURFACE('',(#3293),#3289,.T.);
#3289=PLANE('',#3290);
#3290=AXIS2_PLACEMENT_3D('',#244,#3291,#3292);
#3291=DIRECTION('',(0.36103932723368054,0.9325505906868035,-5.875177995000789E-07));
#3292=DIRECTION('',(-0.15264940610963745,0.059097983360449344,-0.9865118281992888));
#3293=FACE_BOUND('',#3294,.T.);
#3294=EDGE_LOOP('',(#3295,#3296,#3297));
#3295=ORIENTED_EDGE('',*,*,#3298,.T.);
#3296=ORIENTED_EDGE('',*,*,#3299,.T.);
#3297=ORIENTED_EDGE('',*,*,#3300,.T.);
#3298=EDGE_CURVE('',#245,#65,#3301,.F.);
#3299=EDGE_CURVE('',#65,#247,#3302,.T.);
#3300=EDGE_CURVE('',#247,#245,#3303,.T.);
#3301=LINE('',#244,#3304);
#3302=LINE('',#64,#3305);
#3303=LINE('',#246,#3306);
#3304=VECTOR('',#3307,1.0);
#3305=VECTOR('',#3308,1.0);
#3306=VECTOR('',#3309,1.0);
#3307=DIRECTION('',(-0.15264940610963745,0.059097983360449344,-0.9865118281992888));
#3308=DIRECTION('',(-0.10607002824748188,0.04106590647797086,0.9935103121924408));
#3309=DIRECTION('',(0.9325505906869644,-0.3610393272337429,0));
#3310=FACE_SURFACE('',(#3315),#3311,.T.);
#3311=PLANE('',#3312);
#3312=AXIS2_PLACEMENT_3D('',#156,#3313,#3314);
#3313=DIRECTION('',(-0.9902359591507576,0.13940138164587587,0));
#3314=DIRECTION('',(0,0,-1));
#3315=FACE_BOUND('',#3316,.T.);
#3316=EDGE_LOOP('',(#3317,#3318,#3319));
#3317=ORIENTED_EDGE('',*,*,#3320,.T.);
#3318=ORIENTED_EDGE('',*,*,#3321,.T.);
#3319=ORIENTED_EDGE('',*,*,#3322,.T.);
#3320=EDGE_CURVE('',#157,#99,#3323,.F.);
#3321=EDGE_CURVE('',#99,#97,#3324,.T.);
#3322=EDGE_CURVE('',#97,#157,#3325,.T.);
#3323=LINE('',#156,#3326);
#3324=LINE('',#98,#3327);
#3325=LINE('',#96,#3328);
#3326=VECTOR('',#3329,1.0);
#3327=VECTOR('',#3330,1.0);
#3328=VECTOR('',#3331,1.0);
#3329=DIRECTION('',(0,0,-1));
#3330=DIRECTION('',(-0.13940138164587587,-0.9902359591507576,0));
#3331=DIRECTION('',(0.021586087165939488,0.15333649836682467,0.987938236485189));
#3332=FACE_SURFACE('',(#3337),#3333,.T.);
#3333=PLANE('',#3334);
#3334=AXIS2_PLACEMENT_3D('',#156,#3335,#3336);
#3335=DIRECTION('',(-0.9902359641222559,0.13940134633089596,5.589813564706614E-09));
#3336=DIRECTION('',(-0.021586087165939488,-0.15333649836682467,-0.987938236485189));
#3337=FACE_BOUND('',#3338,.T.);
#3338=EDGE_LOOP('',(#3339,#3340,#3341));
#3339=ORIENTED_EDGE('',*,*,#3342,.T.);
#3340=ORIENTED_EDGE('',*,*,#3343,.T.);
#3341=ORIENTED_EDGE('',*,*,#3344,.T.);
#3342=EDGE_CURVE('',#157,#97,#3345,.F.);
#3343=EDGE_CURVE('',#97,#159,#3346,.T.);
#3344=EDGE_CURVE('',#159,#157,#3347,.T.);
#3345=LINE('',#156,#3348);
#3346=LINE('',#96,#3349);
#3347=LINE('',#158,#3350);
#3348=VECTOR('',#3351,1.0);
#3349=VECTOR('',#3352,1.0);
#3350=VECTOR('',#3353,1.0);
#3351=DIRECTION('',(-0.021586087165939488,-0.15333649836682467,-0.987938236485189));
#3352=DIRECTION('',(-0.014988290278179286,-0.10646919862837224,0.9942030280068398));
#3353=DIRECTION('',(0.13940134633089596,0.9902359641222559,0));
#3354=FACE_SURFACE('',(#3359),#3355,.T.);
#3355=PLANE('',#3356);
#3356=AXIS2_PLACEMENT_3D('',#182,#3357,#3358);
#3357=DIRECTION('',(-0.6828571779881525,-0.7305518971776804,3.856552549110205E-07));
#3358=DIRECTION('',(-0.06977368591525283,0.06521792435785344,-0.9954286790605609));
#3359=FACE_BOUND('',#3360,.T.);
#3360=EDGE_LOOP('',(#3361,#3362,#3363));
#3361=ORIENTED_EDGE('',*,*,#3364,.T.);
#3362=ORIENTED_EDGE('',*,*,#3365,.T.);
#3363=ORIENTED_EDGE('',*,*,#3366,.T.);
#3364=EDGE_CURVE('',#183,#121,#3367,.F.);
#3365=EDGE_CURVE('',#121,#127,#3368,.T.);
#3366=EDGE_CURVE('',#127,#183,#3369,.T.);
#3367=LINE('',#182,#3370);
#3368=LINE('',#120,#3371);
#3369=LINE('',#126,#3372);
#3370=VECTOR('',#3373,1.0);
#3371=VECTOR('',#3374,1.0);
#3372=VECTOR('',#3375,1.0);
#3373=DIRECTION('',(-0.06977368591525283,0.06521792435785344,-0.9954286790605609));
#3374=DIRECTION('',(0.7305518971777347,-0.6828571779882032,0));
#3375=DIRECTION('',(-0.05927976948188056,0.055410164069217435,0.996702374155895));
#3376=FACE_SURFACE('',(#3381),#3377,.T.);
#3377=PLANE('',#3378);
#3378=AXIS2_PLACEMENT_3D('',#182,#3379,#3380);
#3379=DIRECTION('',(-0.6828606386367939,-0.7305486624452543,0));
#3380=DIRECTION('',(0.05927976948188056,-0.055410164069217435,-0.996702374155895));
#3381=FACE_BOUND('',#3382,.T.);
#3382=EDGE_LOOP('',(#3383,#3384,#3385));
#3383=ORIENTED_EDGE('',*,*,#3386,.T.);
#3384=ORIENTED_EDGE('',*,*,#3387,.T.);
#3385=ORIENTED_EDGE('',*,*,#3388,.T.);
#3386=EDGE_CURVE('',#183,#127,#3389,.F.);
#3387=EDGE_CURVE('',#127,#185,#3390,.T.);
#3388=EDGE_CURVE('',#185,#183,#3391,.T.);
#3389=LINE('',#182,#3392);
#3390=LINE('',#126,#3393);
#3391=LINE('',#184,#3394);
#3392=VECTOR('',#3395,1.0);
#3393=VECTOR('',#3396,1.0);
#3394=VECTOR('',#3397,1.0);
#3395=DIRECTION('',(0.05927976948188056,-0.055410164069217435,-0.996702374155895));
#3396=DIRECTION('',(0,0,1));
#3397=DIRECTION('',(-0.7305486624452543,0.6828606386367939,0));
#3398=FACE_SURFACE('',(#3403),#3399,.T.);
#3399=PLANE('',#3400);
#3400=AXIS2_PLACEMENT_3D('',#218,#3401,#3402);
#3401=DIRECTION('',(0.9142832243437731,-0.4050755308368575,8.90031997153233E-07));
#3402=DIRECTION('',(-0.0439513144833116,-0.09920331206932108,-0.9940960641857839));
#3403=FACE_BOUND('',#3404,.T.);
#3404=EDGE_LOOP('',(#3405,#3406,#3407));
#3405=ORIENTED_EDGE('',*,*,#3408,.T.);
#3406=ORIENTED_EDGE('',*,*,#3409,.T.);
#3407=ORIENTED_EDGE('',*,*,#3410,.T.);
#3408=EDGE_CURVE('',#219,#45,#3411,.F.);
#3409=EDGE_CURVE('',#45,#43,#3412,.T.);
#3410=EDGE_CURVE('',#43,#219,#3413,.T.);
#3411=LINE('',#218,#3414);
#3412=LINE('',#44,#3415);
#3413=LINE('',#42,#3416);
#3414=VECTOR('',#3417,1.0);
#3415=VECTOR('',#3418,1.0);
#3416=VECTOR('',#3419,1.0);
#3417=DIRECTION('',(-0.0439513144833116,-0.09920331206932108,-0.9940960641857839));
#3418=DIRECTION('',(0.4050755308370179,0.9142832243441352,0));
#3419=DIRECTION('',(-0.037354841061421916,-0.08431024757346221,0.9957391214587169));
#3420=FACE_SURFACE('',(#3425),#3421,.T.);
#3421=PLANE('',#3422);
#3422=AXIS2_PLACEMENT_3D('',#218,#3423,#3424);
#3423=DIRECTION('',(0.9142793312899548,-0.40508431761300406,0));
#3424=DIRECTION('',(0.037354841061421916,0.08431024757346221,-0.9957391214587169));
#3425=FACE_BOUND('',#3426,.T.);
#3426=EDGE_LOOP('',(#3427,#3428,#3429));
#3427=ORIENTED_EDGE('',*,*,#3430,.T.);
#3428=ORIENTED_EDGE('',*,*,#3431,.T.);
#3429=ORIENTED_EDGE('',*,*,#3432,.T.);
#3430=EDGE_CURVE('',#219,#43,#3433,.F.);
#3431=EDGE_CURVE('',#43,#221,#3434,.T.);
#3432=EDGE_CURVE('',#221,#219,#3435,.T.);
#3433=LINE('',#218,#3436);
#3434=LINE('',#42,#3437);
#3435=LINE('',#220,#3438);
#3436=VECTOR('',#3439,1.0);
#3437=VECTOR('',#3440,1.0);
#3438=VECTOR('',#3441,1.0);
#3439=DIRECTION('',(0.037354841061421916,0.08431024757346221,-0.9957391214587169));
#3440=DIRECTION('',(0,0,1));
#3441=DIRECTION('',(-0.40508431761300406,-0.9142793312899548,0));
#3442=FACE_SURFACE('',(#3447),#3443,.T.);
#3443=PLANE('',#3444);
#3444=AXIS2_PLACEMENT_3D('',#170,#3445,#3446);
#3445=DIRECTION('',(-0.9928121639984073,-0.11968294371542912,-6.395899916401791E-07));
#3446=DIRECTION('',(0.011052389781744798,-0.09167814409217027,-0.9957273535340523));
#3447=FACE_BOUND('',#3448,.T.);
#3448=EDGE_LOOP('',(#3449,#3450,#3451));
#3449=ORIENTED_EDGE('',*,*,#3452,.T.);
#3450=ORIENTED_EDGE('',*,*,#3453,.T.);
#3451=ORIENTED_EDGE('',*,*,#3454,.T.);
#3452=EDGE_CURVE('',#171,#109,#3455,.F.);
#3453=EDGE_CURVE('',#109,#115,#3456,.T.);
#3454=EDGE_CURVE('',#115,#171,#3457,.T.);
#3455=LINE('',#170,#3458);
#3456=LINE('',#108,#3459);
#3457=LINE('',#114,#3460);
#3458=VECTOR('',#3461,1.0);
#3459=VECTOR('',#3462,1.0);
#3460=VECTOR('',#3463,1.0);
#3461=DIRECTION('',(0.011052389781744798,-0.09167814409217027,-0.9957273535340523));
#3462=DIRECTION('',(0.11968294371545359,-0.9928121639986103,0));
#3463=DIRECTION('',(-0.026511059343679918,0.21991336173571369,0.9751591034608522));
#3464=FACE_SURFACE('',(#3469),#3465,.T.);
#3465=PLANE('',#3466);
#3466=AXIS2_PLACEMENT_3D('',#170,#3467,#3468);
#3467=DIRECTION('',(-0.9928118269986903,-0.11968573921534091,0));
#3468=DIRECTION('',(0.026511059343679918,-0.21991336173571369,-0.9751591034608522));
#3469=FACE_BOUND('',#3470,.T.);
#3470=EDGE_LOOP('',(#3471,#3472,#3473));
#3471=ORIENTED_EDGE('',*,*,#3474,.T.);
#3472=ORIENTED_EDGE('',*,*,#3475,.T.);
#3473=ORIENTED_EDGE('',*,*,#3476,.T.);
#3474=EDGE_CURVE('',#171,#115,#3477,.F.);
#3475=EDGE_CURVE('',#115,#173,#3478,.T.);
#3476=EDGE_CURVE('',#173,#171,#3479,.T.);
#3477=LINE('',#170,#3480);
#3478=LINE('',#114,#3481);
#3479=LINE('',#172,#3482);
#3480=VECTOR('',#3483,1.0);
#3481=VECTOR('',#3484,1.0);
#3482=VECTOR('',#3485,1.0);
#3483=DIRECTION('',(0.026511059343679918,-0.21991336173571369,-0.9751591034608522));
#3484=DIRECTION('',(0,0,1));
#3485=DIRECTION('',(-0.11968573921534091,0.9928118269986903,0));
#3486=FACE_SURFACE('',(#3491),#3487,.T.);
#3487=PLANE('',#3488);
#3488=AXIS2_PLACEMENT_3D('',#248,#3489,#3490);
#3489=DIRECTION('',(0.12213740492522492,0.9925132010800318,0));
#3490=DIRECTION('',(0,0,-1));
#3491=FACE_BOUND('',#3492,.T.);
#3492=EDGE_LOOP('',(#3493,#3494,#3495));
#3493=ORIENTED_EDGE('',*,*,#3496,.T.);
#3494=ORIENTED_EDGE('',*,*,#3497,.T.);
#3495=ORIENTED_EDGE('',*,*,#3498,.T.);
#3496=EDGE_CURVE('',#249,#71,#3499,.F.);
#3497=EDGE_CURVE('',#71,#69,#3500,.T.);
#3498=EDGE_CURVE('',#69,#249,#3501,.T.);
#3499=LINE('',#248,#3502);
#3500=LINE('',#70,#3503);
#3501=LINE('',#68,#3504);
#3502=VECTOR('',#3505,1.0);
#3503=VECTOR('',#3506,1.0);
#3504=VECTOR('',#3507,1.0);
#3505=DIRECTION('',(0,0,-1));
#3506=DIRECTION('',(-0.9925132010800318,0.12213740492522492,0));
#3507=DIRECTION('',(0.163770090735583,-0.0201533378750494,0.9862926545163727));
#3508=FACE_SURFACE('',(#3513),#3509,.T.);
#3509=PLANE('',#3510);
#3510=AXIS2_PLACEMENT_3D('',#248,#3511,#3512);
#3511=DIRECTION('',(0.12213894546228994,0.9925130115022637,-2.5967396042414493E-07));
#3512=DIRECTION('',(-0.163770090735583,0.0201533378750494,-0.9862926545163727));
#3513=FACE_BOUND('',#3514,.T.);
#3514=EDGE_LOOP('',(#3515,#3516,#3517));
#3515=ORIENTED_EDGE('',*,*,#3518,.T.);
#3516=ORIENTED_EDGE('',*,*,#3519,.T.);
#3517=ORIENTED_EDGE('',*,*,#3520,.T.);
#3518=EDGE_CURVE('',#249,#69,#3521,.F.);
#3519=EDGE_CURVE('',#69,#251,#3522,.T.);
#3520=EDGE_CURVE('',#251,#249,#3523,.T.);
#3521=LINE('',#248,#3524);
#3522=LINE('',#68,#3525);
#3523=LINE('',#250,#3526);
#3524=VECTOR('',#3527,1.0);
#3525=VECTOR('',#3528,1.0);
#3526=VECTOR('',#3529,1.0);
#3527=DIRECTION('',(-0.163770090735583,0.0201533378750494,-0.9862926545163727));
#3528=DIRECTION('',(-0.11381295359140471,0.014006115719907163,0.9934034630084804));
#3529=DIRECTION('',(0.992513011502297,-0.12213894546229405,0));
#3530=FACE_SURFACE('',(#3535),#3531,.T.);
#3531=PLANE('',#3532);
#3532=AXIS2_PLACEMENT_3D('',#196,#3533,#3534);
#3533=DIRECTION('',(-0.0009691786153200692,-0.9999995303462954,-0));
#3534=DIRECTION('',(0,0,-1));
#3535=FACE_BOUND('',#3536,.T.);
#3536=EDGE_LOOP('',(#3537,#3538,#3539));
#3537=ORIENTED_EDGE('',*,*,#3540,.T.);
#3538=ORIENTED_EDGE('',*,*,#3541,.T.);
#3539=ORIENTED_EDGE('',*,*,#3542,.T.);
#3540=EDGE_CURVE('',#197,#139,#3543,.F.);
#3541=EDGE_CURVE('',#139,#137,#3544,.T.);
#3542=EDGE_CURVE('',#137,#197,#3545,.T.);
#3543=LINE('',#196,#3546);
#3544=LINE('',#138,#3547);
#3545=LINE('',#136,#3548);
#3546=VECTOR('',#3549,1.0);
#3547=VECTOR('',#3550,1.0);
#3548=VECTOR('',#3551,1.0);
#3549=DIRECTION('',(0,0,-1));
#3550=DIRECTION('',(0.9999995303462954,-0.0009691786153200692,0));
#3551=DIRECTION('',(-0.9950108606605204,0.0009643437010709851,0.09976200283092042));
#3552=FACE_SURFACE('',(#3557),#3553,.T.);
#3553=PLANE('',#3554);
#3554=AXIS2_PLACEMENT_3D('',#196,#3555,#3556);
#3555=DIRECTION('',(-0.0009694740138302896,-0.9999995300556176,-2.94626208240489E-06));
#3556=DIRECTION('',(0.9950108606605204,-0.0009643437010709851,-0.09976200283092042));
#3557=FACE_BOUND('',#3558,.T.);
#3558=EDGE_LOOP('',(#3559,#3560,#3561));
#3559=ORIENTED_EDGE('',*,*,#3562,.T.);
#3560=ORIENTED_EDGE('',*,*,#3563,.T.);
#3561=ORIENTED_EDGE('',*,*,#3564,.T.);
#3562=EDGE_CURVE('',#197,#137,#3565,.F.);
#3563=EDGE_CURVE('',#137,#199,#3566,.T.);
#3564=EDGE_CURVE('',#199,#197,#3567,.T.);
#3565=LINE('',#196,#3568);
#3566=LINE('',#136,#3569);
#3567=LINE('',#198,#3570);
#3568=VECTOR('',#3571,1.0);
#3569=VECTOR('',#3572,1.0);
#3570=VECTOR('',#3573,1.0);
#3571=DIRECTION('',(0.9950108606605204,-0.0009643437010709851,-0.09976200283092042));
#3572=DIRECTION('',(-0.9832555394792635,0.0009527042459617081,0.18222962557707845));
#3573=DIRECTION('',(-0.9999995300599579,0.0009694740138344974,0));
#3574=FACE_SURFACE('',(#3579),#3575,.T.);
#3575=PLANE('',#3576);
#3576=AXIS2_PLACEMENT_3D('',#250,#3577,#3578);
#3577=DIRECTION('',(0.12215045989557226,0.9925115944643341,1.0794988002404643E-06));
#3578=DIRECTION('',(0.11381295359140471,-0.014006115719907163,-0.9934034630084804));
#3579=FACE_BOUND('',#3580,.T.);
#3580=EDGE_LOOP('',(#3581,#3582,#3583));
#3581=ORIENTED_EDGE('',*,*,#3584,.T.);
#3582=ORIENTED_EDGE('',*,*,#3585,.T.);
#3583=ORIENTED_EDGE('',*,*,#3586,.T.);
#3584=EDGE_CURVE('',#251,#69,#3587,.F.);
#3585=EDGE_CURVE('',#69,#75,#3588,.T.);
#3586=EDGE_CURVE('',#75,#251,#3589,.T.);
#3587=LINE('',#250,#3590);
#3588=LINE('',#68,#3591);
#3589=LINE('',#74,#3592);
#3590=VECTOR('',#3593,1.0);
#3591=VECTOR('',#3594,1.0);
#3592=VECTOR('',#3595,1.0);
#3593=DIRECTION('',(0.11381295359140471,-0.014006115719907163,-0.9934034630084804));
#3594=DIRECTION('',(-0.9925115944649124,0.12215045989564342,0));
#3595=DIRECTION('',(0.09674605432211805,-0.01190781997160131,0.9952378634259378));
#3596=FACE_SURFACE('',(#3601),#3597,.T.);
#3597=PLANE('',#3598);
#3598=AXIS2_PLACEMENT_3D('',#250,#3599,#3600);
#3599=DIRECTION('',(0.1221613991088387,0.9925102480920642,0));
#3600=DIRECTION('',(-0.09674605432211805,0.01190781997160131,-0.9952378634259378));
#3601=FACE_BOUND('',#3602,.T.);
#3602=EDGE_LOOP('',(#3603,#3604,#3605));
#3603=ORIENTED_EDGE('',*,*,#3606,.T.);
#3604=ORIENTED_EDGE('',*,*,#3607,.T.);
#3605=ORIENTED_EDGE('',*,*,#3608,.T.);
#3606=EDGE_CURVE('',#251,#75,#3609,.F.);
#3607=EDGE_CURVE('',#75,#253,#3610,.T.);
#3608=EDGE_CURVE('',#253,#251,#3611,.T.);
#3609=LINE('',#250,#3612);
#3610=LINE('',#74,#3613);
#3611=LINE('',#252,#3614);
#3612=VECTOR('',#3615,1.0);
#3613=VECTOR('',#3616,1.0);
#3614=VECTOR('',#3617,1.0);
#3615=DIRECTION('',(-0.09674605432211805,0.01190781997160131,-0.9952378634259378));
#3616=DIRECTION('',(0,0,1));
#3617=DIRECTION('',(0.9925102480920642,-0.1221613991088387,0));
#3618=FACE_SURFACE('',(#3623),#3619,.T.);
#3619=PLANE('',#3620);
#3620=AXIS2_PLACEMENT_3D('',#194,#3621,#3622);
#3621=DIRECTION('',(-0.10459638836830147,-0.9945147538068339,-9.165954214933879E-07));
#3622=DIRECTION('',(-0.09802253105167132,0.010310269224058762,-0.9951307862561339));
#3623=FACE_BOUND('',#3624,.T.);
#3624=EDGE_LOOP('',(#3625,#3626,#3627));
#3625=ORIENTED_EDGE('',*,*,#3628,.T.);
#3626=ORIENTED_EDGE('',*,*,#3629,.T.);
#3627=ORIENTED_EDGE('',*,*,#3630,.T.);
#3628=EDGE_CURVE('',#195,#133,#3631,.F.);
#3629=EDGE_CURVE('',#133,#139,#3632,.T.);
#3630=EDGE_CURVE('',#139,#195,#3633,.T.);
#3631=LINE('',#194,#3634);
#3632=LINE('',#132,#3635);
#3633=LINE('',#138,#3636);
#3634=VECTOR('',#3637,1.0);
#3635=VECTOR('',#3638,1.0);
#3636=VECTOR('',#3639,1.0);
#3637=DIRECTION('',(-0.09802253105167132,0.010310269224058762,-0.9951307862561339));
#3638=DIRECTION('',(0.9945147538072516,-0.10459638836834542,0));
#3639=DIRECTION('',(-0.08328263923884807,0.008758190734689213,0.9964874791468615));
#3640=FACE_SURFACE('',(#3645),#3641,.T.);
#3641=PLANE('',#3642);
#3642=AXIS2_PLACEMENT_3D('',#194,#3643,#3644);
#3643=DIRECTION('',(-0.10458554115310023,-0.9945158945847539,0));
#3644=DIRECTION('',(0.08328263923884807,-0.008758190734689213,-0.9964874791468615));
#3645=FACE_BOUND('',#3646,.T.);
#3646=EDGE_LOOP('',(#3647,#3648,#3649));
#3647=ORIENTED_EDGE('',*,*,#3650,.T.);
#3648=ORIENTED_EDGE('',*,*,#3651,.T.);
#3649=ORIENTED_EDGE('',*,*,#3652,.T.);
#3650=EDGE_CURVE('',#195,#139,#3653,.F.);
#3651=EDGE_CURVE('',#139,#197,#3654,.T.);
#3652=EDGE_CURVE('',#197,#195,#3655,.T.);
#3653=LINE('',#194,#3656);
#3654=LINE('',#138,#3657);
#3655=LINE('',#196,#3658);
#3656=VECTOR('',#3659,1.0);
#3657=VECTOR('',#3660,1.0);
#3658=VECTOR('',#3661,1.0);
#3659=DIRECTION('',(0.08328263923884807,-0.008758190734689213,-0.9964874791468615));
#3660=DIRECTION('',(0,0,1));
#3661=DIRECTION('',(-0.9945158945847539,0.10458554115310023,0));
#3662=FACE_SURFACE('',(#3667),#3663,.T.);
#3663=PLANE('',#3664);
#3664=AXIS2_PLACEMENT_3D('',#198,#3665,#3666);
#3665=DIRECTION('',(-0.0009692703935297619,-0.999999530255635,-1.8475879323170537E-06));
#3666=DIRECTION('',(0.9832555394792635,-0.0009527042459617081,-0.18222962557707845));
#3667=FACE_BOUND('',#3668,.T.);
#3668=EDGE_LOOP('',(#3669,#3670,#3671));
#3669=ORIENTED_EDGE('',*,*,#3672,.T.);
#3670=ORIENTED_EDGE('',*,*,#3673,.T.);
#3671=ORIENTED_EDGE('',*,*,#3674,.T.);
#3672=EDGE_CURVE('',#199,#137,#3675,.F.);
#3673=EDGE_CURVE('',#137,#143,#3676,.T.);
#3674=EDGE_CURVE('',#143,#199,#3677,.T.);
#3675=LINE('',#198,#3678);
#3676=LINE('',#136,#3679);
#3677=LINE('',#142,#3680);
#3678=VECTOR('',#3681,1.0);
#3679=VECTOR('',#3682,1.0);
#3680=VECTOR('',#3683,1.0);
#3681=DIRECTION('',(0.9832555394792635,-0.0009527042459617081,-0.18222962557707845));
#3682=DIRECTION('',(0.9999995302573418,-0.0009692703935314163,0));
#3683=DIRECTION('',(-0.9971490229892094,0.0009663680770358215,0.0754512563474247));
#3684=FACE_SURFACE('',(#3689),#3685,.T.);
#3685=PLANE('',#3686);
#3686=AXIS2_PLACEMENT_3D('',#198,#3687,#3688);
#3687=DIRECTION('',(-0.000969130592261442,-0.9999995303928373,0));
#3688=DIRECTION('',(0.9971490229892094,-0.0009663680770358215,-0.0754512563474247));
#3689=FACE_BOUND('',#3690,.T.);
#3690=EDGE_LOOP('',(#3691,#3692,#3693));
#3691=ORIENTED_EDGE('',*,*,#3694,.T.);
#3692=ORIENTED_EDGE('',*,*,#3695,.T.);
#3693=ORIENTED_EDGE('',*,*,#3696,.T.);
#3694=EDGE_CURVE('',#199,#143,#3697,.F.);
#3695=EDGE_CURVE('',#143,#201,#3698,.T.);
#3696=EDGE_CURVE('',#201,#199,#3699,.T.);
#3697=LINE('',#198,#3700);
#3698=LINE('',#142,#3701);
#3699=LINE('',#200,#3702);
#3700=VECTOR('',#3703,1.0);
#3701=VECTOR('',#3704,1.0);
#3702=VECTOR('',#3705,1.0);
#3703=DIRECTION('',(0.9971490229892094,-0.0009663680770358215,-0.0754512563474247));
#3704=DIRECTION('',(0,0,1));
#3705=DIRECTION('',(-0.9999995303928373,0.000969130592261442,0));
#3706=FACE_SURFACE('',(#3711),#3707,.T.);
#3707=PLANE('',#3708);
#3708=AXIS2_PLACEMENT_3D('',#168,#3709,#3710);
#3709=DIRECTION('',(-0.9928115100548479,-0.11968836828452632,-0));
#3710=DIRECTION('',(0,0,-1));
#3711=FACE_BOUND('',#3712,.T.);
#3712=EDGE_LOOP('',(#3713,#3714,#3715));
#3713=ORIENTED_EDGE('',*,*,#3716,.T.);
#3714=ORIENTED_EDGE('',*,*,#3717,.T.);
#3715=ORIENTED_EDGE('',*,*,#3718,.T.);
#3716=EDGE_CURVE('',#169,#111,#3719,.F.);
#3717=EDGE_CURVE('',#111,#109,#3720,.T.);
#3718=EDGE_CURVE('',#109,#169,#3721,.T.);
#3719=LINE('',#168,#3722);
#3720=LINE('',#110,#3723);
#3721=LINE('',#108,#3724);
#3722=VECTOR('',#3725,1.0);
#3723=VECTOR('',#3726,1.0);
#3724=VECTOR('',#3727,1.0);
#3725=DIRECTION('',(0,0,-1));
#3726=DIRECTION('',(0.11968836828452632,-0.9928115100548479,0));
#3727=DIRECTION('',(-0.020222374502764692,0.16774400432343503,0.9856231554620708));
#3728=FACE_SURFACE('',(#3733),#3729,.T.);
#3729=PLANE('',#3730);
#3730=AXIS2_PLACEMENT_3D('',#168,#3731,#3732);
#3731=DIRECTION('',(-0.9928117121829656,-0.11968669162544601,-2.894991020927836E-07));
#3732=DIRECTION('',(0.020222374502764692,-0.16774400432343503,-0.9856231554620708));
#3733=FACE_BOUND('',#3734,.T.);
#3734=EDGE_LOOP('',(#3735,#3736,#3737));
#3735=ORIENTED_EDGE('',*,*,#3738,.T.);
#3736=ORIENTED_EDGE('',*,*,#3739,.T.);
#3737=ORIENTED_EDGE('',*,*,#3740,.T.);
#3738=EDGE_CURVE('',#169,#109,#3741,.F.);
#3739=EDGE_CURVE('',#109,#171,#3742,.T.);
#3740=EDGE_CURVE('',#171,#169,#3743,.T.);
#3741=LINE('',#168,#3744);
#3742=LINE('',#108,#3745);
#3743=LINE('',#170,#3746);
#3744=VECTOR('',#3747,1.0);
#3745=VECTOR('',#3748,1.0);
#3746=VECTOR('',#3749,1.0);
#3747=DIRECTION('',(0.020222374502764692,-0.16774400432343503,-0.9856231554620708));
#3748=DIRECTION('',(-0.011052389781744798,0.09167814409217027,0.9957273535340523));
#3749=DIRECTION('',(-0.11968669162545102,0.9928117121830071,0));
#3750=FACE_SURFACE('',(#3755),#3751,.T.);
#3751=PLANE('',#3752);
#3752=AXIS2_PLACEMENT_3D('',#222,#3753,#3754);
#3753=DIRECTION('',(0.9902368952519458,-0.13939473189928342,-7.16787060189815E-07));
#3754=DIRECTION('',(-0.014988290278179286,-0.10646919862837224,-0.9942030280068398));
#3755=FACE_BOUND('',#3756,.T.);
#3756=EDGE_LOOP('',(#3757,#3758,#3759));
#3757=ORIENTED_EDGE('',*,*,#3760,.T.);
#3758=ORIENTED_EDGE('',*,*,#3761,.T.);
#3759=ORIENTED_EDGE('',*,*,#3762,.T.);
#3760=EDGE_CURVE('',#223,#41,#3763,.F.);
#3761=EDGE_CURVE('',#41,#39,#3764,.T.);
#3762=EDGE_CURVE('',#39,#223,#3765,.T.);
#3763=LINE('',#222,#3766);
#3764=LINE('',#40,#3767);
#3765=LINE('',#38,#3768);
#3766=VECTOR('',#3769,1.0);
#3767=VECTOR('',#3770,1.0);
#3768=VECTOR('',#3771,1.0);
#3769=DIRECTION('',(-0.014988290278179286,-0.10646919862837224,-0.9942030280068398));
#3770=DIRECTION('',(0.13939473189931922,0.9902368952522002,0));
#3771=DIRECTION('',(-0.012737165102658791,-0.09048781429403034,0.9958161075667719));
#3772=FACE_SURFACE('',(#3777),#3773,.T.);
#3773=PLANE('',#3774);
#3774=AXIS2_PLACEMENT_3D('',#222,#3775,#3776);
#3775=DIRECTION('',(0.9902379840646997,-0.13938699693830683,0));
#3776=DIRECTION('',(0.012737165102658791,0.09048781429403034,-0.9958161075667719));
#3777=FACE_BOUND('',#3778,.T.);
#3778=EDGE_LOOP('',(#3779,#3780,#3781));
#3779=ORIENTED_EDGE('',*,*,#3782,.T.);
#3780=ORIENTED_EDGE('',*,*,#3783,.T.);
#3781=ORIENTED_EDGE('',*,*,#3784,.T.);
#3782=EDGE_CURVE('',#223,#39,#3785,.F.);
#3783=EDGE_CURVE('',#39,#225,#3786,.T.);
#3784=EDGE_CURVE('',#225,#223,#3787,.T.);
#3785=LINE('',#222,#3788);
#3786=LINE('',#38,#3789);
#3787=LINE('',#224,#3790);
#3788=VECTOR('',#3791,1.0);
#3789=VECTOR('',#3792,1.0);
#3790=VECTOR('',#3793,1.0);
#3791=DIRECTION('',(0.012737165102658791,0.09048781429403034,-0.9958161075667719));
#3792=DIRECTION('',(0,0,1));
#3793=DIRECTION('',(-0.13938699693830683,-0.9902379840646997,0));
#3794=FACE_SURFACE('',(#3799),#3795,.T.);
#3795=PLANE('',#3796);
#3796=AXIS2_PLACEMENT_3D('',#176,#3797,#3798);
#3797=DIRECTION('',(-0.8299238089007926,-0.5578767528940426,-0));
#3798=DIRECTION('',(0,0,-1));
#3799=FACE_BOUND('',#3800,.T.);
#3800=EDGE_LOOP('',(#3801,#3802,#3803));
#3801=ORIENTED_EDGE('',*,*,#3804,.T.);
#3802=ORIENTED_EDGE('',*,*,#3805,.T.);
#3803=ORIENTED_EDGE('',*,*,#3806,.T.);
#3804=EDGE_CURVE('',#177,#119,#3807,.F.);
#3805=EDGE_CURVE('',#119,#117,#3808,.T.);
#3806=EDGE_CURVE('',#117,#177,#3809,.T.);
#3807=LINE('',#176,#3810);
#3808=LINE('',#118,#3811);
#3809=LINE('',#116,#3812);
#3810=VECTOR('',#3813,1.0);
#3811=VECTOR('',#3814,1.0);
#3812=VECTOR('',#3815,1.0);
#3813=DIRECTION('',(0,0,-1));
#3814=DIRECTION('',(0.5578767528940426,-0.8299238089007926,0));
#3815=DIRECTION('',(-0.0757239071535137,0.11265046109858286,0.9907450547439955));
#3816=FACE_SURFACE('',(#3821),#3817,.T.);
#3817=PLANE('',#3818);
#3818=AXIS2_PLACEMENT_3D('',#176,#3819,#3820);
#3819=DIRECTION('',(-0.8299258226025071,-0.5578737572043584,-4.945280156138164E-07));
#3820=DIRECTION('',(0.0757239071535137,-0.11265046109858286,-0.9907450547439955));
#3821=FACE_BOUND('',#3822,.T.);
#3822=EDGE_LOOP('',(#3823,#3824,#3825));
#3823=ORIENTED_EDGE('',*,*,#3826,.T.);
#3824=ORIENTED_EDGE('',*,*,#3827,.T.);
#3825=ORIENTED_EDGE('',*,*,#3828,.T.);
#3826=EDGE_CURVE('',#177,#117,#3829,.F.);
#3827=EDGE_CURVE('',#117,#179,#3830,.T.);
#3828=EDGE_CURVE('',#179,#177,#3831,.T.);
#3829=LINE('',#176,#3832);
#3830=LINE('',#116,#3833);
#3831=LINE('',#178,#3834);
#3832=VECTOR('',#3835,1.0);
#3833=VECTOR('',#3836,1.0);
#3834=VECTOR('',#3837,1.0);
#3835=DIRECTION('',(0.0757239071535137,-0.11265046109858286,-0.9907450547439955));
#3836=DIRECTION('',(0.05250127734298396,-0.07810487150013984,0.9955617735355761));
#3837=DIRECTION('',(-0.5578737572044266,0.8299258226026086,0));
#3838=FACE_SURFACE('',(#3843),#3839,.T.);
#3839=PLANE('',#3840);
#3840=AXIS2_PLACEMENT_3D('',#208,#3841,#3842);
#3841=DIRECTION('',(0.5828156985096246,-0.8126043696478246,0));
#3842=DIRECTION('',(0,0,-1));
#3843=FACE_BOUND('',#3844,.T.);
#3844=EDGE_LOOP('',(#3845,#3846,#3847));
#3845=ORIENTED_EDGE('',*,*,#3848,.T.);
#3846=ORIENTED_EDGE('',*,*,#3849,.T.);
#3847=ORIENTED_EDGE('',*,*,#3850,.T.);
#3848=EDGE_CURVE('',#209,#151,#3851,.F.);
#3849=EDGE_CURVE('',#151,#149,#3852,.T.);
#3850=EDGE_CURVE('',#149,#209,#3853,.T.);
#3851=LINE('',#208,#3854);
#3852=LINE('',#150,#3855);
#3853=LINE('',#148,#3856);
#3854=VECTOR('',#3857,1.0);
#3855=VECTOR('',#3858,1.0);
#3856=VECTOR('',#3859,1.0);
#3857=DIRECTION('',(0,0,-1));
#3858=DIRECTION('',(0.8126043696478246,0.5828156985096246,0));
#3859=DIRECTION('',(-0.13111828626436148,-0.09404059152385255,0.9868963279660843));
#3860=FACE_SURFACE('',(#3865),#3861,.T.);
#3861=PLANE('',#3862);
#3862=AXIS2_PLACEMENT_3D('',#208,#3863,#3864);
#3863=DIRECTION('',(0.5828173169950573,-0.8126032088360081,3.2564359299709887E-07));
#3864=DIRECTION('',(0.13111828626436148,0.09404059152385255,-0.9868963279660843));
#3865=FACE_BOUND('',#3866,.T.);
#3866=EDGE_LOOP('',(#3867,#3868,#3869));
#3867=ORIENTED_EDGE('',*,*,#3870,.T.);
#3868=ORIENTED_EDGE('',*,*,#3871,.T.);
#3869=ORIENTED_EDGE('',*,*,#3872,.T.);
#3870=EDGE_CURVE('',#209,#149,#3873,.F.);
#3871=EDGE_CURVE('',#149,#211,#3874,.T.);
#3872=EDGE_CURVE('',#211,#209,#3875,.T.);
#3873=LINE('',#208,#3876);
#3874=LINE('',#148,#3877);
#3875=LINE('',#210,#3878);
#3876=VECTOR('',#3879,1.0);
#3877=VECTOR('',#3880,1.0);
#3878=VECTOR('',#3881,1.0);
#3879=DIRECTION('',(0.13111828626436148,0.09404059152385255,-0.9868963279660843));
#3880=DIRECTION('',(0.09109223871426368,0.06533380274688437,0.9936969851341276));
#3881=DIRECTION('',(-0.8126032088360512,-0.5828173169950882,0));
#3882=FACE_SURFACE('',(#3887),#3883,.T.);
#3883=PLANE('',#3884);
#3884=AXIS2_PLACEMENT_3D('',#214,#3885,#3886);
#3885=DIRECTION('',(0.7729166154581533,-0.6345076087397535,2.7017098651192106E-07));
#3886=DIRECTION('',(-0.06992685774194668,-0.08518085204394264,-0.9939086763940668));
#3887=FACE_BOUND('',#3888,.T.);
#3888=EDGE_LOOP('',(#3889,#3890,#3891));
#3889=ORIENTED_EDGE('',*,*,#3892,.T.);
#3890=ORIENTED_EDGE('',*,*,#3893,.T.);
#3891=ORIENTED_EDGE('',*,*,#3894,.T.);
#3892=EDGE_CURVE('',#215,#49,#3895,.F.);
#3893=EDGE_CURVE('',#49,#47,#3896,.T.);
#3894=EDGE_CURVE('',#47,#215,#3897,.T.);
#3895=LINE('',#214,#3898);
#3896=LINE('',#48,#3899);
#3897=LINE('',#46,#3900);
#3898=VECTOR('',#3901,1.0);
#3899=VECTOR('',#3902,1.0);
#3900=VECTOR('',#3903,1.0);
#3901=DIRECTION('',(-0.06992685774194668,-0.08518085204394264,-0.9939086763940668));
#3902=DIRECTION('',(0.6345076087397767,0.7729166154581815,0));
#3903=DIRECTION('',(-0.059433738299524676,-0.0723979574627573,0.9956034182881076));
#3904=FACE_SURFACE('',(#3909),#3905,.T.);
#3905=PLANE('',#3906);
#3906=AXIS2_PLACEMENT_3D('',#214,#3907,#3908);
#3907=DIRECTION('',(0.7729147933758895,-0.6345098282774712,0));
#3908=DIRECTION('',(0.059433738299524676,0.0723979574627573,-0.9956034182881076));
#3909=FACE_BOUND('',#3910,.T.);
#3910=EDGE_LOOP('',(#3911,#3912,#3913));
#3911=ORIENTED_EDGE('',*,*,#3914,.T.);
#3912=ORIENTED_EDGE('',*,*,#3915,.T.);
#3913=ORIENTED_EDGE('',*,*,#3916,.T.);
#3914=EDGE_CURVE('',#215,#47,#3917,.F.);
#3915=EDGE_CURVE('',#47,#217,#3918,.T.);
#3916=EDGE_CURVE('',#217,#215,#3919,.T.);
#3917=LINE('',#214,#3920);
#3918=LINE('',#46,#3921);
#3919=LINE('',#216,#3922);
#3920=VECTOR('',#3923,1.0);
#3921=VECTOR('',#3924,1.0);
#3922=VECTOR('',#3925,1.0);
#3923=DIRECTION('',(0.059433738299524676,0.0723979574627573,-0.9956034182881076));
#3924=DIRECTION('',(0,0,1));
#3925=DIRECTION('',(-0.6345098282774712,-0.7729147933758895,0));
#3926=FACE_SURFACE('',(#3931),#3927,.T.);
#3927=PLANE('',#3928);
#3928=AXIS2_PLACEMENT_3D('',#238,#3929,#3930);
#3929=DIRECTION('',(0.7728926700540186,0.6345367763779269,-8.237623456898512E-07));
#3930=DIRECTION('',(0.06992689161619206,-0.08517520611376816,-0.9939091578672442));
#3931=FACE_BOUND('',#3932,.T.);
#3932=EDGE_LOOP('',(#3933,#3934,#3935));
#3933=ORIENTED_EDGE('',*,*,#3936,.T.);
#3934=ORIENTED_EDGE('',*,*,#3937,.T.);
#3935=ORIENTED_EDGE('',*,*,#3938,.T.);
#3936=EDGE_CURVE('',#239,#57,#3939,.F.);
#3937=EDGE_CURVE('',#57,#63,#3940,.T.);
#3938=EDGE_CURVE('',#63,#239,#3941,.T.);
#3939=LINE('',#238,#3942);
#3940=LINE('',#56,#3943);
#3941=LINE('',#62,#3944);
#3942=VECTOR('',#3945,1.0);
#3943=VECTOR('',#3946,1.0);
#3944=VECTOR('',#3947,1.0);
#3945=DIRECTION('',(0.06992689161619206,-0.08517520611376816,-0.9939091578672442));
#3946=DIRECTION('',(-0.6345367763781422,0.7728926700542809,0));
#3947=DIRECTION('',(0.05943282485379605,-0.0723904055036843,0.9956040219489423));
#3948=FACE_SURFACE('',(#3953),#3949,.T.);
#3949=PLANE('',#3950);
#3950=AXIS2_PLACEMENT_3D('',#238,#3951,#3952);
#3951=DIRECTION('',(0.7728871137918526,0.6345435440807037,0));
#3952=DIRECTION('',(-0.05943282485379605,0.0723904055036843,-0.9956040219489423));
#3953=FACE_BOUND('',#3954,.T.);
#3954=EDGE_LOOP('',(#3955,#3956,#3957));
#3955=ORIENTED_EDGE('',*,*,#3958,.T.);
#3956=ORIENTED_EDGE('',*,*,#3959,.T.);
#3957=ORIENTED_EDGE('',*,*,#3960,.T.);
#3958=EDGE_CURVE('',#239,#63,#3961,.F.);
#3959=EDGE_CURVE('',#63,#241,#3962,.T.);
#3960=EDGE_CURVE('',#241,#239,#3963,.T.);
#3961=LINE('',#238,#3964);
#3962=LINE('',#62,#3965);
#3963=LINE('',#240,#3966);
#3964=VECTOR('',#3967,1.0);
#3965=VECTOR('',#3968,1.0);
#3966=VECTOR('',#3969,1.0);
#3967=DIRECTION('',(-0.05943282485379605,0.0723904055036843,-0.9956040219489423));
#3968=DIRECTION('',(0,0,1));
#3969=DIRECTION('',(0.6345435440807037,-0.7728871137918526,0));
#3970=FACE_SURFACE('',(#3975),#3971,.T.);
#3971=PLANE('',#3972);
#3972=AXIS2_PLACEMENT_3D('',#256,#3973,#3974);
#3973=DIRECTION('',(-0.12214518036156537,0.992512244213864,0));
#3974=DIRECTION('',(0,0,-1));
#3975=FACE_BOUND('',#3976,.T.);
#3976=EDGE_LOOP('',(#3977,#3978,#3979));
#3977=ORIENTED_EDGE('',*,*,#3980,.T.);
#3978=ORIENTED_EDGE('',*,*,#3981,.T.);
#3979=ORIENTED_EDGE('',*,*,#3982,.T.);
#3980=EDGE_CURVE('',#257,#79,#3983,.F.);
#3981=EDGE_CURVE('',#79,#77,#3984,.T.);
#3982=EDGE_CURVE('',#77,#257,#3985,.T.);
#3983=LINE('',#256,#3986);
#3984=LINE('',#78,#3987);
#3985=LINE('',#76,#3988);
#3986=VECTOR('',#3989,1.0);
#3987=VECTOR('',#3990,1.0);
#3988=VECTOR('',#3991,1.0);
#3989=DIRECTION('',(0,0,-1));
#3990=DIRECTION('',(-0.992512244213864,-0.12214518036156537,0));
#3991=DIRECTION('',(0.16377466139302044,0.020155202790822502,0.9862918574570421));
#3992=FACE_SURFACE('',(#3997),#3993,.T.);
#3993=PLANE('',#3994);
#3994=AXIS2_PLACEMENT_3D('',#256,#3995,#3996);
#3995=DIRECTION('',(-0.12214272858283964,0.9925125459429558,-4.13286025395969E-07));
#3996=DIRECTION('',(-0.16377466139302044,-0.020155202790822502,-0.9862918574570421));
#3997=FACE_BOUND('',#3998,.T.);
#3998=EDGE_LOOP('',(#3999,#4000,#4001));
#3999=ORIENTED_EDGE('',*,*,#4002,.T.);
#4000=ORIENTED_EDGE('',*,*,#4003,.T.);
#4001=ORIENTED_EDGE('',*,*,#4004,.T.);
#4002=EDGE_CURVE('',#257,#77,#4005,.F.);
#4003=EDGE_CURVE('',#77,#259,#4006,.T.);
#4004=EDGE_CURVE('',#259,#257,#4007,.T.);
#4005=LINE('',#256,#4008);
#4006=LINE('',#76,#4009);
#4007=LINE('',#258,#4010);
#4008=VECTOR('',#4011,1.0);
#4009=VECTOR('',#4012,1.0);
#4010=VECTOR('',#4013,1.0);
#4011=DIRECTION('',(-0.16377466139302044,-0.020155202790822502,-0.9862918574570421));
#4012=DIRECTION('',(-0.11381482381388727,-0.01400611269947817,0.9934032487803045));
#4013=DIRECTION('',(0.9925125459430405,0.12214272858285008,0));
#4014=FACE_SURFACE('',(#4019),#4015,.T.);
#4015=PLANE('',#4016);
#4016=AXIS2_PLACEMENT_3D('',#254,#4017,#4018);
#4017=DIRECTION('',(1.9133761519799448E-07,0.9999999999994493,1.0318457826868491E-06));
#4018=DIRECTION('',(0.9832384604316997,0,-0.182324243938926));
#4019=FACE_BOUND('',#4020,.T.);
#4020=EDGE_LOOP('',(#4021,#4022,#4023));
#4021=ORIENTED_EDGE('',*,*,#4024,.T.);
#4022=ORIENTED_EDGE('',*,*,#4025,.T.);
#4023=ORIENTED_EDGE('',*,*,#4026,.T.);
#4024=EDGE_CURVE('',#255,#73,#4027,.F.);
#4025=EDGE_CURVE('',#73,#79,#4028,.T.);
#4026=EDGE_CURVE('',#79,#255,#4029,.T.);
#4027=LINE('',#254,#4030);
#4028=LINE('',#72,#4031);
#4029=LINE('',#78,#4032);
#4030=VECTOR('',#4033,1.0);
#4031=VECTOR('',#4034,1.0);
#4032=VECTOR('',#4035,1.0);
#4033=DIRECTION('',(0.9832384604316997,0,-0.182324243938926));
#4034=DIRECTION('',(-0.9999999999999817,1.9133761519809633E-07,0));
#4035=DIRECTION('',(0.9769416111712154,-4.07231611469993E-07,0.2135066471143797));
#4036=FACE_SURFACE('',(#4041),#4037,.T.);
#4037=PLANE('',#4038);
#4038=AXIS2_PLACEMENT_3D('',#254,#4039,#4040);
#4039=DIRECTION('',(4.1684334745629706E-07,0.9999999999999131,0));
#4040=DIRECTION('',(-0.9769416111712154,4.07231611469993E-07,-0.2135066471143797));
#4041=FACE_BOUND('',#4042,.T.);
#4042=EDGE_LOOP('',(#4043,#4044,#4045));
#4043=ORIENTED_EDGE('',*,*,#4046,.T.);
#4044=ORIENTED_EDGE('',*,*,#4047,.T.);
#4045=ORIENTED_EDGE('',*,*,#4048,.T.);
#4046=EDGE_CURVE('',#255,#79,#4049,.F.);
#4047=EDGE_CURVE('',#79,#257,#4050,.T.);
#4048=EDGE_CURVE('',#257,#255,#4051,.T.);
#4049=LINE('',#254,#4052);
#4050=LINE('',#78,#4053);
#4051=LINE('',#256,#4054);
#4052=VECTOR('',#4055,1.0);
#4053=VECTOR('',#4056,1.0);
#4054=VECTOR('',#4057,1.0);
#4055=DIRECTION('',(-0.9769416111712154,4.07231611469993E-07,-0.2135066471143797));
#4056=DIRECTION('',(0,0,1));
#4057=DIRECTION('',(0.9999999999999131,-4.1684334745629706E-07,0));
#4058=FACE_SURFACE('',(#4063),#4059,.T.);
#4059=PLANE('',#4060);
#4060=AXIS2_PLACEMENT_3D('',#246,#4061,#4062);
#4061=DIRECTION('',(0.3610542798301233,0.9325448016126587,1.248151022543307E-06));
#4062=DIRECTION('',(0.10607002824748188,-0.04106590647797086,-0.9935103121924408));
#4063=FACE_BOUND('',#4064,.T.);
#4064=EDGE_LOOP('',(#4065,#4066,#4067));
#4065=ORIENTED_EDGE('',*,*,#4068,.T.);
#4066=ORIENTED_EDGE('',*,*,#4069,.T.);
#4067=ORIENTED_EDGE('',*,*,#4070,.T.);
#4068=EDGE_CURVE('',#247,#65,#4071,.F.);
#4069=EDGE_CURVE('',#65,#71,#4072,.T.);
#4070=EDGE_CURVE('',#71,#247,#4073,.T.);
#4071=LINE('',#246,#4074);
#4072=LINE('',#64,#4075);
#4073=LINE('',#70,#4076);
#4074=VECTOR('',#4077,1.0);
#4075=VECTOR('',#4078,1.0);
#4076=VECTOR('',#4079,1.0);
#4077=DIRECTION('',(0.10607002824748188,-0.04106590647797086,-0.9935103121924408));
#4078=DIRECTION('',(-0.9325448016133853,0.36105427983040456,0));
#4079=DIRECTION('',(0.09016321045680094,-0.03490991024319098,0.9953149720801627));
#4080=FACE_SURFACE('',(#4085),#4081,.T.);
#4081=PLANE('',#4082);
#4082=AXIS2_PLACEMENT_3D('',#246,#4083,#4084);
#4083=DIRECTION('',(0.3610662619728095,0.9325401623871127,0));
#4084=DIRECTION('',(-0.09016321045680094,0.03490991024319098,-0.9953149720801627));
#4085=FACE_BOUND('',#4086,.T.);
#4086=EDGE_LOOP('',(#4087,#4088,#4089));
#4087=ORIENTED_EDGE('',*,*,#4090,.T.);
#4088=ORIENTED_EDGE('',*,*,#4091,.T.);
#4089=ORIENTED_EDGE('',*,*,#4092,.T.);
#4090=EDGE_CURVE('',#247,#71,#4093,.F.);
#4091=EDGE_CURVE('',#71,#249,#4094,.T.);
#4092=EDGE_CURVE('',#249,#247,#4095,.T.);
#4093=LINE('',#246,#4096);
#4094=LINE('',#70,#4097);
#4095=LINE('',#248,#4098);
#4096=VECTOR('',#4099,1.0);
#4097=VECTOR('',#4100,1.0);
#4098=VECTOR('',#4101,1.0);
#4099=DIRECTION('',(-0.09016321045680094,0.03490991024319098,-0.9953149720801627));
#4100=DIRECTION('',(0,0,1));
#4101=DIRECTION('',(0.9325401623871127,-0.3610662619728095,0));
#4102=FACE_SURFACE('',(#4107),#4103,.T.);
#4103=PLANE('',#4104);
#4104=AXIS2_PLACEMENT_3D('',#184,#4105,#4106);
#4105=DIRECTION('',(-0.5064214556494903,-0.8622860947840056,-0));
#4106=DIRECTION('',(0,0,-1));
#4107=FACE_BOUND('',#4108,.T.);
#4108=EDGE_LOOP('',(#4109,#4110,#4111));
#4109=ORIENTED_EDGE('',*,*,#4112,.T.);
#4110=ORIENTED_EDGE('',*,*,#4113,.T.);
#4111=ORIENTED_EDGE('',*,*,#4114,.T.);
#4112=EDGE_CURVE('',#185,#127,#4115,.F.);
#4113=EDGE_CURVE('',#127,#125,#4116,.T.);
#4114=EDGE_CURVE('',#125,#185,#4117,.T.);
#4115=LINE('',#184,#4118);
#4116=LINE('',#126,#4119);
#4117=LINE('',#124,#4120);
#4118=VECTOR('',#4121,1.0);
#4119=VECTOR('',#4122,1.0);
#4120=VECTOR('',#4123,1.0);
#4121=DIRECTION('',(0,0,-1));
#4122=DIRECTION('',(0.8622860947840056,-0.5064214556494903,0));
#4123=DIRECTION('',(-0.12045136272288458,0.07074120157343794,0.9901955118147862));
#4124=FACE_SURFACE('',(#4129),#4125,.T.);
#4125=PLANE('',#4126);
#4126=AXIS2_PLACEMENT_3D('',#184,#4127,#4128);
#4127=DIRECTION('',(-0.506429833166697,-0.862281174604243,-1.370580633784279E-06));
#4128=DIRECTION('',(0.12045136272288458,-0.07074120157343794,-0.9901955118147862));
#4129=FACE_BOUND('',#4130,.T.);
#4130=EDGE_LOOP('',(#4131,#4132,#4133));
#4131=ORIENTED_EDGE('',*,*,#4134,.T.);
#4132=ORIENTED_EDGE('',*,*,#4135,.T.);
#4133=ORIENTED_EDGE('',*,*,#4136,.T.);
#4134=EDGE_CURVE('',#185,#125,#4137,.F.);
#4135=EDGE_CURVE('',#125,#187,#4138,.T.);
#4136=EDGE_CURVE('',#187,#185,#4139,.T.);
#4137=LINE('',#184,#4140);
#4138=LINE('',#124,#4141);
#4139=LINE('',#186,#4142);
#4140=VECTOR('',#4143,1.0);
#4141=VECTOR('',#4144,1.0);
#4142=VECTOR('',#4145,1.0);
#4143=DIRECTION('',(0.12045136272288458,-0.07074120157343794,-0.9901955118147862));
#4144=DIRECTION('',(0.08353617265158805,-0.04906354836333727,0.9952961750558085));
#4145=DIRECTION('',(-0.8622811746050528,0.5064298331671726,0));
#4146=FACE_SURFACE('',(#4151),#4147,.T.);
#4147=PLANE('',#4148);
#4148=AXIS2_PLACEMENT_3D('',#206,#4149,#4150);
#4149=DIRECTION('',(0.3611156761037548,-0.9325210284335829,-1.14073518919727E-06));
#4150=DIRECTION('',(0.10606717649563614,0.041075377730681026,-0.9935102251182549));
#4151=FACE_BOUND('',#4152,.T.);
#4152=EDGE_LOOP('',(#4153,#4154,#4155));
#4153=ORIENTED_EDGE('',*,*,#4156,.T.);
#4154=ORIENTED_EDGE('',*,*,#4157,.T.);
#4155=ORIENTED_EDGE('',*,*,#4158,.T.);
#4156=EDGE_CURVE('',#207,#145,#4159,.F.);
#4157=EDGE_CURVE('',#145,#151,#4160,.T.);
#4158=EDGE_CURVE('',#151,#207,#4161,.T.);
#4159=LINE('',#206,#4162);
#4160=LINE('',#144,#4163);
#4161=LINE('',#150,#4164);
#4162=VECTOR('',#4165,1.0);
#4163=VECTOR('',#4166,1.0);
#4164=VECTOR('',#4167,1.0);
#4165=DIRECTION('',(0.10606717649563614,0.041075377730681026,-0.9935102251182549));
#4166=DIRECTION('',(0.9325210284341895,0.3611156761039897,0));
#4167=DIRECTION('',(-0.2517800716761673,-0.0975021757249203,0.9628603851211507));
#4168=FACE_SURFACE('',(#4173),#4169,.T.);
#4169=PLANE('',#4170);
#4170=AXIS2_PLACEMENT_3D('',#206,#4171,#4172);
#4171=DIRECTION('',(0.3611194696298291,-0.9325195593950139,0));
#4172=DIRECTION('',(0.2517800716761673,0.0975021757249203,-0.9628603851211507));
#4173=FACE_BOUND('',#4174,.T.);
#4174=EDGE_LOOP('',(#4175,#4176,#4177));
#4175=ORIENTED_EDGE('',*,*,#4178,.T.);
#4176=ORIENTED_EDGE('',*,*,#4179,.T.);
#4177=ORIENTED_EDGE('',*,*,#4180,.T.);
#4178=EDGE_CURVE('',#207,#151,#4181,.F.);
#4179=EDGE_CURVE('',#151,#209,#4182,.T.);
#4180=EDGE_CURVE('',#209,#207,#4183,.T.);
#4181=LINE('',#206,#4184);
#4182=LINE('',#150,#4185);
#4183=LINE('',#208,#4186);
#4184=VECTOR('',#4187,1.0);
#4185=VECTOR('',#4188,1.0);
#4186=VECTOR('',#4189,1.0);
#4187=DIRECTION('',(0.2517800716761673,0.0975021757249203,-0.9628603851211507));
#4188=DIRECTION('',(0,0,1));
#4189=DIRECTION('',(-0.9325195593950139,-0.3611194696298291,0));
#4190=FACE_SURFACE('',(#4195),#4191,.T.);
#4191=PLANE('',#4192);
#4192=AXIS2_PLACEMENT_3D('',#212,#4193,#4194);
#4193=DIRECTION('',(0.7729081417568071,-0.6345179307206688,0));
#4194=DIRECTION('',(0,0,-1));
#4195=FACE_BOUND('',#4196,.T.);
#4196=EDGE_LOOP('',(#4197,#4198,#4199));
#4197=ORIENTED_EDGE('',*,*,#4200,.T.);
#4198=ORIENTED_EDGE('',*,*,#4201,.T.);
#4199=ORIENTED_EDGE('',*,*,#4202,.T.);
#4200=EDGE_CURVE('',#213,#153,#4203,.F.);
#4201=EDGE_CURVE('',#153,#49,#4204,.T.);
#4202=EDGE_CURVE('',#49,#213,#4205,.T.);
#4203=LINE('',#212,#4206);
#4204=LINE('',#152,#4207);
#4205=LINE('',#48,#4208);
#4206=VECTOR('',#4209,1.0);
#4207=VECTOR('',#4210,1.0);
#4208=VECTOR('',#4211,1.0);
#4209=DIRECTION('',(0,0,-1));
#4210=DIRECTION('',(0.6345179307206688,0.7729081417568071,0));
#4211=DIRECTION('',(-0.10067704108291357,-0.12263499733189456,0.987332158307525));
#4212=FACE_SURFACE('',(#4217),#4213,.T.);
#4213=PLANE('',#4214);
#4214=AXIS2_PLACEMENT_3D('',#212,#4215,#4216);
#4215=DIRECTION('',(0.7729122326108641,-0.634512947605812,1.036084311134774E-06));
#4216=DIRECTION('',(0.10067704108291357,0.12263499733189456,-0.987332158307525));
#4217=FACE_BOUND('',#4218,.T.);
#4218=EDGE_LOOP('',(#4219,#4220,#4221));
#4219=ORIENTED_EDGE('',*,*,#4222,.T.);
#4220=ORIENTED_EDGE('',*,*,#4223,.T.);
#4221=ORIENTED_EDGE('',*,*,#4224,.T.);
#4222=EDGE_CURVE('',#213,#49,#4225,.F.);
#4223=EDGE_CURVE('',#49,#215,#4226,.T.);
#4224=EDGE_CURVE('',#215,#213,#4227,.T.);
#4225=LINE('',#212,#4228);
#4226=LINE('',#48,#4229);
#4227=LINE('',#214,#4230);
#4228=VECTOR('',#4231,1.0);
#4229=VECTOR('',#4232,1.0);
#4230=VECTOR('',#4233,1.0);
#4231=DIRECTION('',(0.10067704108291357,0.12263499733189456,-0.987332158307525));
#4232=DIRECTION('',(0.06992685774194668,0.08518085204394264,0.9939086763940668));
#4233=DIRECTION('',(-0.6345129476061526,-0.772912232611279,0));
#4234=FACE_SURFACE('',(#4239),#4235,.T.);
#4235=PLANE('',#4236);
#4236=AXIS2_PLACEMENT_3D('',#186,#4237,#4238);
#4237=DIRECTION('',(-0.506439995678902,-0.8622752059387442,-2.2340322960169903E-07));
#4238=DIRECTION('',(-0.08353617265158805,0.04906354836333727,-0.9952961750558085));
#4239=FACE_BOUND('',#4240,.T.);
#4240=EDGE_LOOP('',(#4241,#4242,#4243));
#4241=ORIENTED_EDGE('',*,*,#4244,.T.);
#4242=ORIENTED_EDGE('',*,*,#4245,.T.);
#4243=ORIENTED_EDGE('',*,*,#4246,.T.);
#4244=EDGE_CURVE('',#187,#125,#4247,.F.);
#4245=EDGE_CURVE('',#125,#131,#4248,.T.);
#4246=EDGE_CURVE('',#131,#187,#4249,.T.);
#4247=LINE('',#186,#4250);
#4248=LINE('',#124,#4251);
#4249=LINE('',#130,#4252);
#4250=VECTOR('',#4253,1.0);
#4251=VECTOR('',#4254,1.0);
#4252=VECTOR('',#4255,1.0);
#4253=DIRECTION('',(-0.08353617265158805,0.04906354836333727,-0.9952961750558085));
#4254=DIRECTION('',(0.8622752059387658,-0.5064399956789146,0));
#4255=DIRECTION('',(-0.07097303496190374,0.04168432610224676,0.9966068659535204));
#4256=FACE_SURFACE('',(#4261),#4257,.T.);
#4257=PLANE('',#4258);
#4258=AXIS2_PLACEMENT_3D('',#186,#4259,#4260);
#4259=DIRECTION('',(-0.5064376632265826,-0.8622765758534778,0));
#4260=DIRECTION('',(0.07097303496190374,-0.04168432610224676,-0.9966068659535204));
#4261=FACE_BOUND('',#4262,.T.);
#4262=EDGE_LOOP('',(#4263,#4264,#4265));
#4263=ORIENTED_EDGE('',*,*,#4266,.T.);
#4264=ORIENTED_EDGE('',*,*,#4267,.T.);
#4265=ORIENTED_EDGE('',*,*,#4268,.T.);
#4266=EDGE_CURVE('',#187,#131,#4269,.F.);
#4267=EDGE_CURVE('',#131,#189,#4270,.T.);
#4268=EDGE_CURVE('',#189,#187,#4271,.T.);
#4269=LINE('',#186,#4272);
#4270=LINE('',#130,#4273);
#4271=LINE('',#188,#4274);
#4272=VECTOR('',#4275,1.0);
#4273=VECTOR('',#4276,1.0);
#4274=VECTOR('',#4277,1.0);
#4275=DIRECTION('',(0.07097303496190374,-0.04168432610224676,-0.9966068659535204));
#4276=DIRECTION('',(0,0,1));
#4277=DIRECTION('',(-0.8622765758534778,0.5064376632265826,0));
#4278=FACE_SURFACE('',(#4283),#4279,.T.);
#4279=PLANE('',#4280);
#4280=AXIS2_PLACEMENT_3D('',#232,#4281,#4282);
#4281=DIRECTION('',(0.9142815244803826,0.40507936752422696,0));
#4282=DIRECTION('',(0,0,-1));
#4283=FACE_BOUND('',#4284,.T.);
#4284=EDGE_LOOP('',(#4285,#4286,#4287));
#4285=ORIENTED_EDGE('',*,*,#4288,.T.);
#4286=ORIENTED_EDGE('',*,*,#4289,.T.);
#4287=ORIENTED_EDGE('',*,*,#4290,.T.);
#4288=EDGE_CURVE('',#233,#55,#4291,.F.);
#4289=EDGE_CURVE('',#55,#53,#4292,.T.);
#4290=EDGE_CURVE('',#53,#233,#4293,.T.);
#4291=LINE('',#232,#4294);
#4292=LINE('',#54,#4295);
#4293=LINE('',#52,#4296);
#4294=VECTOR('',#4297,1.0);
#4295=VECTOR('',#4298,1.0);
#4296=VECTOR('',#4299,1.0);
#4297=DIRECTION('',(0,0,-1));
#4298=DIRECTION('',(-0.40507936752422696,0.9142815244803826,0));
#4299=DIRECTION('',(0.06329502487871598,-0.14285958870683566,0.9877170028606962));
#4300=FACE_SURFACE('',(#4305),#4301,.T.);
#4301=PLANE('',#4302);
#4302=AXIS2_PLACEMENT_3D('',#232,#4303,#4304);
#4303=DIRECTION('',(0.9142796036318606,0.40508370293336304,7.501489990611431E-07));
#4304=DIRECTION('',(-0.06329502487871598,0.14285958870683566,-0.9877170028606962));
#4305=FACE_BOUND('',#4306,.T.);
#4306=EDGE_LOOP('',(#4307,#4308,#4309));
#4307=ORIENTED_EDGE('',*,*,#4310,.T.);
#4308=ORIENTED_EDGE('',*,*,#4311,.T.);
#4309=ORIENTED_EDGE('',*,*,#4312,.T.);
#4310=EDGE_CURVE('',#233,#53,#4313,.F.);
#4311=EDGE_CURVE('',#53,#235,#4314,.T.);
#4312=EDGE_CURVE('',#235,#233,#4315,.T.);
#4313=LINE('',#232,#4316);
#4314=LINE('',#52,#4317);
#4315=LINE('',#234,#4318);
#4316=VECTOR('',#4319,1.0);
#4317=VECTOR('',#4320,1.0);
#4318=VECTOR('',#4321,1.0);
#4319=DIRECTION('',(-0.06329502487871598,0.14285958870683566,-0.9877170028606962));
#4320=DIRECTION('',(-0.04395415312037225,0.09920329966817834,0.9940959399164733));
#4321=DIRECTION('',(0.405083702933477,-0.9142796036321178,0));
#4322=FACE_SURFACE('',(#4327),#4323,.T.);
#4323=PLANE('',#4324);
#4324=AXIS2_PLACEMENT_3D('',#236,#4325,#4326);
#4325=DIRECTION('',(0.7728746888013228,0.6345586776731198,0));
#4326=DIRECTION('',(0,0,-1));
#4327=FACE_BOUND('',#4328,.T.);
#4328=EDGE_LOOP('',(#4329,#4330,#4331));
#4329=ORIENTED_EDGE('',*,*,#4332,.T.);
#4330=ORIENTED_EDGE('',*,*,#4333,.T.);
#4331=ORIENTED_EDGE('',*,*,#4334,.T.);
#4332=EDGE_CURVE('',#237,#59,#4335,.F.);
#4333=EDGE_CURVE('',#59,#57,#4336,.T.);
#4334=EDGE_CURVE('',#57,#237,#4337,.T.);
#4335=LINE('',#236,#4338);
#4336=LINE('',#58,#4339);
#4337=LINE('',#56,#4340);
#4338=VECTOR('',#4341,1.0);
#4339=VECTOR('',#4342,1.0);
#4340=VECTOR('',#4343,1.0);
#4341=DIRECTION('',(0,0,-1));
#4342=DIRECTION('',(-0.6345586776731198,0.7728746888013228,0));
#4343=DIRECTION('',(0.10067720383028574,-0.12262201324713765,0.9873337543587446));
#4344=FACE_SURFACE('',(#4349),#4345,.T.);
#4345=PLANE('',#4346);
#4346=AXIS2_PLACEMENT_3D('',#236,#4347,#4348);
#4347=DIRECTION('',(0.772883955130181,0.6345473913718516,-2.346579414114042E-06));
#4348=DIRECTION('',(-0.10067720383028574,0.12262201324713765,-0.9873337543587446));
#4349=FACE_BOUND('',#4350,.T.);
#4350=EDGE_LOOP('',(#4351,#4352,#4353));
#4351=ORIENTED_EDGE('',*,*,#4354,.T.);
#4352=ORIENTED_EDGE('',*,*,#4355,.T.);
#4353=ORIENTED_EDGE('',*,*,#4356,.T.);
#4354=EDGE_CURVE('',#237,#57,#4357,.F.);
#4355=EDGE_CURVE('',#57,#239,#4358,.T.);
#4356=EDGE_CURVE('',#239,#237,#4359,.T.);
#4357=LINE('',#236,#4360);
#4358=LINE('',#56,#4361);
#4359=LINE('',#238,#4362);
#4360=VECTOR('',#4363,1.0);
#4361=VECTOR('',#4364,1.0);
#4362=VECTOR('',#4365,1.0);
#4363=DIRECTION('',(-0.10067720383028574,0.12262201324713765,-0.9873337543587446));
#4364=DIRECTION('',(-0.06992689161619206,0.08517520611376816,0.9939091578672442));
#4365=DIRECTION('',(0.6345473913735986,-0.772883955132309,0));
#4366=FACE_SURFACE('',(#4371),#4367,.T.);
#4367=PLANE('',#4368);
#4368=AXIS2_PLACEMENT_3D('',#158,#4369,#4370);
#4369=DIRECTION('',(-0.990237182966778,0.13939268800455887,-9.400052365313098E-07));
#4370=DIRECTION('',(0.014988290278179286,0.10646919862837224,-0.9942030280068398));
#4371=FACE_BOUND('',#4372,.T.);
#4372=EDGE_LOOP('',(#4373,#4374,#4375));
#4373=ORIENTED_EDGE('',*,*,#4376,.T.);
#4374=ORIENTED_EDGE('',*,*,#4377,.T.);
#4375=ORIENTED_EDGE('',*,*,#4378,.T.);
#4376=EDGE_CURVE('',#159,#97,#4379,.F.);
#4377=EDGE_CURVE('',#97,#103,#4380,.T.);
#4378=EDGE_CURVE('',#103,#159,#4381,.T.);
#4379=LINE('',#158,#4382);
#4380=LINE('',#96,#4383);
#4381=LINE('',#102,#4384);
#4382=VECTOR('',#4385,1.0);
#4383=VECTOR('',#4386,1.0);
#4384=VECTOR('',#4387,1.0);
#4385=DIRECTION('',(0.014988290278179286,0.10646919862837224,-0.9942030280068398));
#4386=DIRECTION('',(-0.13939268800462046,-0.9902371829672154,0));
#4387=DIRECTION('',(0.012736219950317946,0.09048404775381352,0.9958164619062404));
#4388=FACE_SURFACE('',(#4393),#4389,.T.);
#4389=PLANE('',#4390);
#4390=AXIS2_PLACEMENT_3D('',#158,#4391,#4392);
#4391=DIRECTION('',(-0.9902386108797309,0.1393825438244723,0));
#4392=DIRECTION('',(-0.012736219950317946,-0.09048404775381352,-0.9958164619062404));
#4393=FACE_BOUND('',#4394,.T.);
#4394=EDGE_LOOP('',(#4395,#4396,#4397));
#4395=ORIENTED_EDGE('',*,*,#4398,.T.);
#4396=ORIENTED_EDGE('',*,*,#4399,.T.);
#4397=ORIENTED_EDGE('',*,*,#4400,.T.);
#4398=EDGE_CURVE('',#159,#103,#4401,.F.);
#4399=EDGE_CURVE('',#103,#161,#4402,.T.);
#4400=EDGE_CURVE('',#161,#159,#4403,.T.);
#4401=LINE('',#158,#4404);
#4402=LINE('',#102,#4405);
#4403=LINE('',#160,#4406);
#4404=VECTOR('',#4407,1.0);
#4405=VECTOR('',#4408,1.0);
#4406=VECTOR('',#4409,1.0);
#4407=DIRECTION('',(-0.012736219950317946,-0.09048404775381352,-0.9958164619062404));
#4408=DIRECTION('',(0,0,1));
#4409=DIRECTION('',(0.1393825438244723,0.9902386108797309,0));
#4410=FACE_SURFACE('',(#4415),#4411,.T.);
#4411=PLANE('',#4412);
#4412=AXIS2_PLACEMENT_3D('',#230,#4413,#4414);
#4413=DIRECTION('',(0.9902401582309648,0.13937155027673753,-4.15398755061935E-07));
#4414=DIRECTION('',(-0.014985446479317769,0.1064692031670706,-0.9942030703889344));
#4415=FACE_BOUND('',#4416,.T.);
#4416=EDGE_LOOP('',(#4417,#4418,#4419));
#4417=ORIENTED_EDGE('',*,*,#4420,.T.);
#4418=ORIENTED_EDGE('',*,*,#4421,.T.);
#4419=ORIENTED_EDGE('',*,*,#4422,.T.);
#4420=EDGE_CURVE('',#231,#51,#4423,.F.);
#4421=EDGE_CURVE('',#51,#55,#4424,.T.);
#4422=EDGE_CURVE('',#55,#231,#4425,.T.);
#4423=LINE('',#230,#4426);
#4424=LINE('',#50,#4427);
#4425=LINE('',#54,#4428);
#4426=VECTOR('',#4429,1.0);
#4427=VECTOR('',#4430,1.0);
#4428=VECTOR('',#4431,1.0);
#4429=DIRECTION('',(-0.014985446479317769,0.1064692031670706,-0.9942030703889344));
#4430=DIRECTION('',(-0.13937155027674955,0.9902401582310503,0));
#4431=DIRECTION('',(0.03568694877031627,-0.2535542452994701,0.9666626538653911));
#4432=FACE_SURFACE('',(#4437),#4433,.T.);
#4433=PLANE('',#4434);
#4434=AXIS2_PLACEMENT_3D('',#230,#4435,#4436);
#4435=DIRECTION('',(0.9902399396632237,0.13937310320063645,0));
#4436=DIRECTION('',(-0.03568694877031627,0.2535542452994701,-0.9666626538653911));
#4437=FACE_BOUND('',#4438,.T.);
#4438=EDGE_LOOP('',(#4439,#4440,#4441));
#4439=ORIENTED_EDGE('',*,*,#4442,.T.);
#4440=ORIENTED_EDGE('',*,*,#4443,.T.);
#4441=ORIENTED_EDGE('',*,*,#4444,.T.);
#4442=EDGE_CURVE('',#231,#55,#4445,.F.);
#4443=EDGE_CURVE('',#55,#233,#4446,.T.);
#4444=EDGE_CURVE('',#233,#231,#4447,.T.);
#4445=LINE('',#230,#4448);
#4446=LINE('',#54,#4449);
#4447=LINE('',#232,#4450);
#4448=VECTOR('',#4451,1.0);
#4449=VECTOR('',#4452,1.0);
#4450=VECTOR('',#4453,1.0);
#4451=DIRECTION('',(-0.03568694877031627,0.2535542452994701,-0.9666626538653911));
#4452=DIRECTION('',(0,0,1));
#4453=DIRECTION('',(0.13937310320063645,-0.9902399396632237,0));
#4454=FACE_SURFACE('',(#4459),#4455,.T.);
#4455=PLANE('',#4456);
#4456=AXIS2_PLACEMENT_3D('',#264,#4457,#4458);
#4457=DIRECTION('',(-0.5827768715091701,0.8126322157249146,0));
#4458=DIRECTION('',(0,0,-1));
#4459=FACE_BOUND('',#4460,.T.);
#4460=EDGE_LOOP('',(#4461,#4462,#4463));
#4461=ORIENTED_EDGE('',*,*,#4464,.T.);
#4462=ORIENTED_EDGE('',*,*,#4465,.T.);
#4463=ORIENTED_EDGE('',*,*,#4466,.T.);
#4464=EDGE_CURVE('',#265,#87,#4467,.F.);
#4465=EDGE_CURVE('',#87,#85,#4468,.T.);
#4466=EDGE_CURVE('',#85,#265,#4469,.T.);
#4467=LINE('',#264,#4470);
#4468=LINE('',#86,#4471);
#4469=LINE('',#84,#4472);
#4470=VECTOR('',#4473,1.0);
#4471=VECTOR('',#4474,1.0);
#4472=VECTOR('',#4475,1.0);
#4473=DIRECTION('',(0,0,-1));
#4474=DIRECTION('',(-0.8126322157249146,-0.5827768715091701,0));
#4475=DIRECTION('',(0.13114406996556416,0.09404959504753731,0.9868920440373716));
#4476=FACE_SURFACE('',(#4481),#4477,.T.);
#4477=PLANE('',#4478);
#4478=AXIS2_PLACEMENT_3D('',#264,#4479,#4480);
#4479=DIRECTION('',(-0.5827844424671742,0.8126267861791807,1.523502831786823E-06));
#4480=DIRECTION('',(-0.13114406996556416,-0.09404959504753731,-0.9868920440373716));
#4481=FACE_BOUND('',#4482,.T.);
#4482=EDGE_LOOP('',(#4483,#4484,#4485));
#4483=ORIENTED_EDGE('',*,*,#4486,.T.);
#4484=ORIENTED_EDGE('',*,*,#4487,.T.);
#4485=ORIENTED_EDGE('',*,*,#4488,.T.);
#4486=EDGE_CURVE('',#265,#85,#4489,.F.);
#4487=EDGE_CURVE('',#85,#267,#4490,.T.);
#4488=EDGE_CURVE('',#267,#265,#4491,.T.);
#4489=LINE('',#264,#4492);
#4490=LINE('',#84,#4493);
#4491=LINE('',#266,#4494);
#4492=VECTOR('',#4495,1.0);
#4493=VECTOR('',#4496,1.0);
#4494=VECTOR('',#4497,1.0);
#4495=DIRECTION('',(-0.13114406996556416,-0.09404959504753731,-0.9868920440373716));
#4496=DIRECTION('',(-0.09111097824637422,-0.06534312609388093,0.9936946540639473));
#4497=DIRECTION('',(0.8126267861801237,0.5827844424678504,0));
#4498=FACE_SURFACE('',(#4503),#4499,.T.);
#4499=PLANE('',#4500);
#4500=AXIS2_PLACEMENT_3D('',#268,#4501,#4502);
#4501=DIRECTION('',(-0.7729667882891039,0.6344464864762258,0));
#4502=DIRECTION('',(0,0,-1));
#4503=FACE_BOUND('',#4504,.T.);
#4504=EDGE_LOOP('',(#4505,#4506,#4507));
#4505=ORIENTED_EDGE('',*,*,#4508,.T.);
#4506=ORIENTED_EDGE('',*,*,#4509,.T.);
#4507=ORIENTED_EDGE('',*,*,#4510,.T.);
#4508=EDGE_CURVE('',#269,#91,#4511,.F.);
#4509=EDGE_CURVE('',#91,#89,#4512,.T.);
#4510=EDGE_CURVE('',#89,#269,#4513,.T.);
#4511=LINE('',#268,#4514);
#4512=LINE('',#90,#4515);
#4513=LINE('',#88,#4516);
#4514=VECTOR('',#4517,1.0);
#4515=VECTOR('',#4518,1.0);
#4516=VECTOR('',#4519,1.0);
#4517=DIRECTION('',(0,0,-1));
#4518=DIRECTION('',(-0.6344464864762258,-0.7729667882891039,0));
#4519=DIRECTION('',(0.10064921894075884,0.12262421680439158,0.9873363338699355));
#4520=FACE_SURFACE('',(#4525),#4521,.T.);
#4521=PLANE('',#4522);
#4522=AXIS2_PLACEMENT_3D('',#268,#4523,#4524);
#4523=DIRECTION('',(-0.7729683477777172,0.634444586495645,3.949464110448205E-07));
#4524=DIRECTION('',(-0.10064921894075884,-0.12262421680439158,-0.9873363338699355));
#4525=FACE_BOUND('',#4526,.T.);
#4526=EDGE_LOOP('',(#4527,#4528,#4529));
#4527=ORIENTED_EDGE('',*,*,#4530,.T.);
#4528=ORIENTED_EDGE('',*,*,#4531,.T.);
#4529=ORIENTED_EDGE('',*,*,#4532,.T.);
#4530=EDGE_CURVE('',#269,#89,#4533,.F.);
#4531=EDGE_CURVE('',#89,#271,#4534,.T.);
#4532=EDGE_CURVE('',#271,#269,#4535,.T.);
#4533=LINE('',#268,#4536);
#4534=LINE('',#88,#4537);
#4535=LINE('',#270,#4538);
#4536=VECTOR('',#4539,1.0);
#4537=VECTOR('',#4540,1.0);
#4538=VECTOR('',#4541,1.0);
#4539=DIRECTION('',(-0.10064921894075884,-0.12262421680439158,-0.9873363338699355));
#4540=DIRECTION('',(-0.06990898148535918,-0.08517343138421517,0.9939105698672884));
#4541=DIRECTION('',(0.6344445864956945,0.7729683477777776,0));
#4542=FACE_SURFACE('',(#4547),#4543,.T.);
#4543=PLANE('',#4544);
#4544=AXIS2_PLACEMENT_3D('',#174,#4545,#4546);
#4545=DIRECTION('',(-0.9365723372144463,-0.35047433167705194,4.393638935192345E-07));
#4546=DIRECTION('',(-0.03258830803558186,0.08708446697433811,-0.9956677647645189));
#4547=FACE_BOUND('',#4548,.T.);
#4548=EDGE_LOOP('',(#4549,#4550,#4551));
#4549=ORIENTED_EDGE('',*,*,#4552,.T.);
#4550=ORIENTED_EDGE('',*,*,#4553,.T.);
#4551=ORIENTED_EDGE('',*,*,#4554,.T.);
#4552=EDGE_CURVE('',#175,#113,#4555,.F.);
#4553=EDGE_CURVE('',#113,#119,#4556,.T.);
#4554=EDGE_CURVE('',#119,#175,#4557,.T.);
#4555=LINE('',#174,#4558);
#4556=LINE('',#112,#4559);
#4557=LINE('',#118,#4560);
#4558=VECTOR('',#4561,1.0);
#4559=VECTOR('',#4562,1.0);
#4560=VECTOR('',#4563,1.0);
#4561=DIRECTION('',(-0.03258830803558186,0.08708446697433811,-0.9956677647645189));
#4562=DIRECTION('',(0.3504743316770858,-0.9365723372145369,0));
#4563=DIRECTION('',(-0.02768327415590826,0.07397924591215897,0.9968754724168295));
#4564=FACE_SURFACE('',(#4569),#4565,.T.);
#4565=PLANE('',#4566);
#4566=AXIS2_PLACEMENT_3D('',#174,#4567,#4568);
#4567=DIRECTION('',(-0.936574280562639,-0.35046913842530436,0));
#4568=DIRECTION('',(0.02768327415590826,-0.07397924591215897,-0.9968754724168295));
#4569=FACE_BOUND('',#4570,.T.);
#4570=EDGE_LOOP('',(#4571,#4572,#4573));
#4571=ORIENTED_EDGE('',*,*,#4574,.T.);
#4572=ORIENTED_EDGE('',*,*,#4575,.T.);
#4573=ORIENTED_EDGE('',*,*,#4576,.T.);
#4574=EDGE_CURVE('',#175,#119,#4577,.F.);
#4575=EDGE_CURVE('',#119,#177,#4578,.T.);
#4576=EDGE_CURVE('',#177,#175,#4579,.T.);
#4577=LINE('',#174,#4580);
#4578=LINE('',#118,#4581);
#4579=LINE('',#176,#4582);
#4580=VECTOR('',#4583,1.0);
#4581=VECTOR('',#4584,1.0);
#4582=VECTOR('',#4585,1.0);
#4583=DIRECTION('',(0.02768327415590826,-0.07397924591215897,-0.9968754724168295));
#4584=DIRECTION('',(0,0,1));
#4585=DIRECTION('',(-0.35046913842530436,0.936574280562639,0));
#4586=FACE_SURFACE('',(#4591),#4587,.T.);
#4587=PLANE('',#4588);
#4588=AXIS2_PLACEMENT_3D('',#200,#4589,#4590);
#4589=DIRECTION('',(0.12206656619254068,-0.9925219158376112,0));
#4590=DIRECTION('',(0,0,-1));
#4591=FACE_BOUND('',#4592,.T.);
#4592=EDGE_LOOP('',(#4593,#4594,#4595));
#4593=ORIENTED_EDGE('',*,*,#4596,.T.);
#4594=ORIENTED_EDGE('',*,*,#4597,.T.);
#4595=ORIENTED_EDGE('',*,*,#4598,.T.);
#4596=EDGE_CURVE('',#201,#143,#4599,.F.);
#4597=EDGE_CURVE('',#143,#141,#4600,.T.);
#4598=EDGE_CURVE('',#141,#201,#4601,.T.);
#4599=LINE('',#200,#4602);
#4600=LINE('',#142,#4603);
#4601=LINE('',#140,#4604);
#4602=VECTOR('',#4605,1.0);
#4603=VECTOR('',#4606,1.0);
#4604=VECTOR('',#4607,1.0);
#4605=DIRECTION('',(0,0,-1));
#4606=DIRECTION('',(0.9925219158376112,0.12206656619254068,0));
#4607=DIRECTION('',(-0.16377470484661708,-0.020142039718037057,0.9862921191454387));
#4608=FACE_SURFACE('',(#4613),#4609,.T.);
#4609=PLANE('',#4610);
#4610=AXIS2_PLACEMENT_3D('',#200,#4611,#4612);
#4611=DIRECTION('',(0.12206922020216972,-0.9925215894271691,4.473666646829473E-07));
#4612=DIRECTION('',(0.16377470484661708,0.020142039718037057,-0.9862921191454387));
#4613=FACE_BOUND('',#4614,.T.);
#4614=EDGE_LOOP('',(#4615,#4616,#4617));
#4615=ORIENTED_EDGE('',*,*,#4618,.T.);
#4616=ORIENTED_EDGE('',*,*,#4619,.T.);
#4617=ORIENTED_EDGE('',*,*,#4620,.T.);
#4618=EDGE_CURVE('',#201,#141,#4621,.F.);
#4619=EDGE_CURVE('',#141,#203,#4622,.T.);
#4620=EDGE_CURVE('',#203,#201,#4623,.T.);
#4621=LINE('',#200,#4624);
#4622=LINE('',#140,#4625);
#4623=LINE('',#202,#4626);
#4624=VECTOR('',#4627,1.0);
#4625=VECTOR('',#4628,1.0);
#4626=VECTOR('',#4629,1.0);
#4627=DIRECTION('',(0.16377470484661708,0.020142039718037057,-0.9862921191454387));
#4628=DIRECTION('',(0.11381577100331712,0.013998533610336648,0.9934032470893585));
#4629=DIRECTION('',(-0.9925215894272684,-0.12206922020218194,0));
#4630=FACE_SURFACE('',(#4635),#4631,.T.);
#4631=PLANE('',#4632);
#4632=AXIS2_PLACEMENT_3D('',#240,#4633,#4634);
#4633=DIRECTION('',(0.5827928598079902,0.8126207495239242,0));
#4634=DIRECTION('',(0,0,-1));
#4635=FACE_BOUND('',#4636,.T.);
#4636=EDGE_LOOP('',(#4637,#4638,#4639));
#4637=ORIENTED_EDGE('',*,*,#4640,.T.);
#4638=ORIENTED_EDGE('',*,*,#4641,.T.);
#4639=ORIENTED_EDGE('',*,*,#4642,.T.);
#4640=EDGE_CURVE('',#241,#63,#4643,.F.);
#4641=EDGE_CURVE('',#63,#61,#4644,.T.);
#4642=EDGE_CURVE('',#61,#241,#4645,.T.);
#4643=LINE('',#240,#4646);
#4644=LINE('',#62,#4647);
#4645=LINE('',#60,#4648);
#4646=VECTOR('',#4649,1.0);
#4647=VECTOR('',#4650,1.0);
#4648=VECTOR('',#4651,1.0);
#4649=DIRECTION('',(0,0,-1));
#4650=DIRECTION('',(-0.8126207495239242,0.5827928598079902,0));
#4651=DIRECTION('',(0.13114127178760263,-0.09405149557001774,0.986892234752596));
#4652=FACE_SURFACE('',(#4657),#4653,.T.);
#4653=PLANE('',#4654);
#4654=AXIS2_PLACEMENT_3D('',#240,#4655,#4656);
#4655=DIRECTION('',(0.5827958826563789,0.8126185815980349,-6.082901791528891E-07));
#4656=DIRECTION('',(-0.13114127178760263,0.09405149557001774,-0.986892234752596));
#4657=FACE_BOUND('',#4658,.T.);
#4658=EDGE_LOOP('',(#4659,#4660,#4661));
#4659=ORIENTED_EDGE('',*,*,#4662,.T.);
#4660=ORIENTED_EDGE('',*,*,#4663,.T.);
#4661=ORIENTED_EDGE('',*,*,#4664,.T.);
#4662=EDGE_CURVE('',#241,#61,#4665,.F.);
#4663=EDGE_CURVE('',#61,#243,#4666,.T.);
#4664=EDGE_CURVE('',#243,#241,#4667,.T.);
#4665=LINE('',#240,#4668);
#4666=LINE('',#60,#4669);
#4667=LINE('',#242,#4670);
#4668=VECTOR('',#4671,1.0);
#4669=VECTOR('',#4672,1.0);
#4670=VECTOR('',#4673,1.0);
#4671=DIRECTION('',(-0.13114127178760263,0.09405149557001774,-0.986892234752596));
#4672=DIRECTION('',(-0.09110723035021845,0.06534126143029947,0.9936951203123671));
#4673=DIRECTION('',(0.8126185815981852,-0.5827958826564867,0));
#4674=FACE_SURFACE('',(#4679),#4675,.T.);
#4675=PLANE('',#4676);
#4676=AXIS2_PLACEMENT_3D('',#204,#4677,#4678);
#4677=DIRECTION('',(0.3611260859290731,-0.9325169971971277,0));
#4678=DIRECTION('',(0,0,-1));
#4679=FACE_BOUND('',#4680,.T.);
#4680=EDGE_LOOP('',(#4681,#4682,#4683));
#4681=ORIENTED_EDGE('',*,*,#4684,.T.);
#4682=ORIENTED_EDGE('',*,*,#4685,.T.);
#4683=ORIENTED_EDGE('',*,*,#4686,.T.);
#4684=EDGE_CURVE('',#205,#147,#4687,.F.);
#4685=EDGE_CURVE('',#147,#145,#4688,.T.);
#4686=EDGE_CURVE('',#145,#205,#4689,.T.);
#4687=LINE('',#204,#4690);
#4688=LINE('',#146,#4691);
#4689=LINE('',#144,#4692);
#4690=VECTOR('',#4693,1.0);
#4691=VECTOR('',#4694,1.0);
#4692=VECTOR('',#4695,1.0);
#4693=DIRECTION('',(0,0,-1));
#4694=DIRECTION('',(0.9325169971971277,0.3611260859290731,0));
#4695=DIRECTION('',(-0.19306878675246258,-0.07476772593374285,0.9783323723258005));
#4696=FACE_SURFACE('',(#4701),#4697,.T.);
#4697=PLANE('',#4698);
#4698=AXIS2_PLACEMENT_3D('',#204,#4699,#4700);
#4699=DIRECTION('',(0.36112740381743064,-0.9325164868311943,2.990824128696846E-07));
#4700=DIRECTION('',(0.19306878675246258,0.07476772593374285,-0.9783323723258005));
#4701=FACE_BOUND('',#4702,.T.);
#4702=EDGE_LOOP('',(#4703,#4704,#4705));
#4703=ORIENTED_EDGE('',*,*,#4706,.T.);
#4704=ORIENTED_EDGE('',*,*,#4707,.T.);
#4705=ORIENTED_EDGE('',*,*,#4708,.T.);
#4706=EDGE_CURVE('',#205,#145,#4709,.F.);
#4707=EDGE_CURVE('',#145,#207,#4710,.T.);
#4708=EDGE_CURVE('',#207,#205,#4711,.T.);
#4709=LINE('',#204,#4712);
#4710=LINE('',#144,#4713);
#4711=LINE('',#206,#4714);
#4712=VECTOR('',#4715,1.0);
#4713=VECTOR('',#4716,1.0);
#4714=VECTOR('',#4717,1.0);
#4715=DIRECTION('',(0.19306878675246258,0.07476772593374285,-0.9783323723258005));
#4716=DIRECTION('',(-0.10606717649563614,-0.041075377730681026,0.9935102251182549));
#4717=DIRECTION('',(-0.9325164868312359,-0.3611274038174468,0));
#4718=FACE_SURFACE('',(#4723),#4719,.T.);
#4719=PLANE('',#4720);
#4720=AXIS2_PLACEMENT_3D('',#154,#4721,#4722);
#4721=DIRECTION('',(-0.91422330030935,0.40521075648521154,-4.035088873999802E-07));
#4722=DIRECTION('',(0.0439702387102718,0.09920322937996638,-0.994095235572703));
#4723=FACE_BOUND('',#4724,.T.);
#4724=EDGE_LOOP('',(#4725,#4726,#4727));
#4725=ORIENTED_EDGE('',*,*,#4728,.T.);
#4726=ORIENTED_EDGE('',*,*,#4729,.T.);
#4727=ORIENTED_EDGE('',*,*,#4730,.T.);
#4728=EDGE_CURVE('',#155,#93,#4731,.F.);
#4729=EDGE_CURVE('',#93,#99,#4732,.T.);
#4730=EDGE_CURVE('',#99,#155,#4733,.T.);
#4731=LINE('',#154,#4734);
#4732=LINE('',#92,#4735);
#4733=LINE('',#98,#4736);
#4734=VECTOR('',#4737,1.0);
#4735=VECTOR('',#4738,1.0);
#4736=VECTOR('',#4739,1.0);
#4737=DIRECTION('',(0.0439702387102718,0.09920322937996638,-0.994095235572703));
#4738=DIRECTION('',(-0.4052107564852445,-0.9142233003094243,0));
#4739=DIRECTION('',(0.03737000165265743,0.0843139711517838,0.9957382373119436));
#4740=FACE_SURFACE('',(#4745),#4741,.T.);
#4741=PLANE('',#4742);
#4742=AXIS2_PLACEMENT_3D('',#154,#4743,#4744);
#4743=DIRECTION('',(-0.914225065658928,0.4052067735378181,0));
#4744=DIRECTION('',(-0.03737000165265743,-0.0843139711517838,-0.9957382373119436));
#4745=FACE_BOUND('',#4746,.T.);
#4746=EDGE_LOOP('',(#4747,#4748,#4749));
#4747=ORIENTED_EDGE('',*,*,#4750,.T.);
#4748=ORIENTED_EDGE('',*,*,#4751,.T.);
#4749=ORIENTED_EDGE('',*,*,#4752,.T.);
#4750=EDGE_CURVE('',#155,#99,#4753,.F.);
#4751=EDGE_CURVE('',#99,#157,#4754,.T.);
#4752=EDGE_CURVE('',#157,#155,#4755,.T.);
#4753=LINE('',#154,#4756);
#4754=LINE('',#98,#4757);
#4755=LINE('',#156,#4758);
#4756=VECTOR('',#4759,1.0);
#4757=VECTOR('',#4760,1.0);
#4758=VECTOR('',#4761,1.0);
#4759=DIRECTION('',(-0.03737000165265743,-0.0843139711517838,-0.9957382373119436));
#4760=DIRECTION('',(0,0,1));
#4761=DIRECTION('',(0.4052067735378181,0.914225065658928,0));
#4762=FACE_SURFACE('',(#4767),#4763,.T.);
#4763=PLANE('',#4764);
#4764=AXIS2_PLACEMENT_3D('',#202,#4765,#4766);
#4765=DIRECTION('',(0.122067959726586,-0.992521744450889,5.93965848420305E-07));
#4766=DIRECTION('',(-0.11381577100331712,-0.013998533610336648,-0.9934032470893585));
#4767=FACE_BOUND('',#4768,.T.);
#4768=EDGE_LOOP('',(#4769,#4770,#4771));
#4769=ORIENTED_EDGE('',*,*,#4772,.T.);
#4770=ORIENTED_EDGE('',*,*,#4773,.T.);
#4771=ORIENTED_EDGE('',*,*,#4774,.T.);
#4772=EDGE_CURVE('',#203,#141,#4775,.F.);
#4773=EDGE_CURVE('',#141,#147,#4776,.T.);
#4774=EDGE_CURVE('',#147,#203,#4777,.T.);
#4775=LINE('',#202,#4778);
#4776=LINE('',#140,#4779);
#4777=LINE('',#146,#4780);
#4778=VECTOR('',#4781,1.0);
#4779=VECTOR('',#4782,1.0);
#4780=VECTOR('',#4783,1.0);
#4781=DIRECTION('',(-0.11381577100331712,-0.013998533610336648,-0.9934032470893585));
#4782=DIRECTION('',(0.992521744451064,0.12206795972660753,0));
#4783=DIRECTION('',(-0.09674888599853813,-0.011898326710201445,0.9952377016972073));
#4784=FACE_SURFACE('',(#4789),#4785,.T.);
#4785=PLANE('',#4786);
#4786=AXIS2_PLACEMENT_3D('',#202,#4787,#4788);
#4787=DIRECTION('',(0.1220619407470597,-0.992522484692947,0));
#4788=DIRECTION('',(0.09674888599853813,0.011898326710201445,-0.9952377016972073));
#4789=FACE_BOUND('',#4790,.T.);
#4790=EDGE_LOOP('',(#4791,#4792,#4793));
#4791=ORIENTED_EDGE('',*,*,#4794,.T.);
#4792=ORIENTED_EDGE('',*,*,#4795,.T.);
#4793=ORIENTED_EDGE('',*,*,#4796,.T.);
#4794=EDGE_CURVE('',#203,#147,#4797,.F.);
#4795=EDGE_CURVE('',#147,#205,#4798,.T.);
#4796=EDGE_CURVE('',#205,#203,#4799,.T.);
#4797=LINE('',#202,#4800);
#4798=LINE('',#146,#4801);
#4799=LINE('',#204,#4802);
#4800=VECTOR('',#4803,1.0);
#4801=VECTOR('',#4804,1.0);
#4802=VECTOR('',#4805,1.0);
#4803=DIRECTION('',(0.09674888599853813,0.011898326710201445,-0.9952377016972073));
#4804=DIRECTION('',(0,0,1));
#4805=DIRECTION('',(-0.992522484692947,-0.1220619407470597,0));
#4806=FACE_SURFACE('',(#4811),#4807,.T.);
#4807=PLANE('',#4808);
#4808=AXIS2_PLACEMENT_3D('',#260,#4809,#4810);
#4809=DIRECTION('',(-0.36105376259662836,0.9325450018711254,0));
#4810=DIRECTION('',(0,0,-1));
#4811=FACE_BOUND('',#4812,.T.);
#4812=EDGE_LOOP('',(#4813,#4814,#4815));
#4813=ORIENTED_EDGE('',*,*,#4816,.T.);
#4814=ORIENTED_EDGE('',*,*,#4817,.T.);
#4815=ORIENTED_EDGE('',*,*,#4818,.T.);
#4816=EDGE_CURVE('',#261,#83,#4819,.F.);
#4817=EDGE_CURVE('',#83,#81,#4820,.T.);
#4818=EDGE_CURVE('',#81,#261,#4821,.T.);
#4819=LINE('',#260,#4822);
#4820=LINE('',#82,#4823);
#4821=LINE('',#80,#4824);
#4822=VECTOR('',#4825,1.0);
#4823=VECTOR('',#4826,1.0);
#4824=VECTOR('',#4827,1.0);
#4825=DIRECTION('',(0,0,-1));
#4826=DIRECTION('',(-0.9325450018711254,-0.36105376259662836,0));
#4827=DIRECTION('',(0.15264571357850815,0.05909989236035183,0.9865122851992786));
#4828=FACE_SURFACE('',(#4833),#4829,.T.);
#4829=PLANE('',#4830);
#4830=AXIS2_PLACEMENT_3D('',#260,#4831,#4832);
#4831=DIRECTION('',(-0.36105917351802896,0.9325429069043155,9.62751590141847E-07));
#4832=DIRECTION('',(-0.15264571357850815,-0.05909989236035183,-0.9865122851992786));
#4833=FACE_BOUND('',#4834,.T.);
#4834=EDGE_LOOP('',(#4835,#4836,#4837));
#4835=ORIENTED_EDGE('',*,*,#4838,.T.);
#4836=ORIENTED_EDGE('',*,*,#4839,.T.);
#4837=ORIENTED_EDGE('',*,*,#4840,.T.);
#4838=EDGE_CURVE('',#261,#81,#4841,.F.);
#4839=EDGE_CURVE('',#81,#263,#4842,.T.);
#4840=EDGE_CURVE('',#263,#261,#4843,.T.);
#4841=LINE('',#260,#4844);
#4842=LINE('',#80,#4845);
#4843=LINE('',#262,#4846);
#4844=VECTOR('',#4847,1.0);
#4845=VECTOR('',#4848,1.0);
#4846=VECTOR('',#4849,1.0);
#4847=DIRECTION('',(-0.15264571357850815,-0.05909989236035183,-0.9865122851992786));
#4848=DIRECTION('',(-0.10606720951624815,-0.04106781063434388,0.9935105344157845));
#4849=DIRECTION('',(0.9325429069047477,0.3610591735181963,0));
#4850=FACE_SURFACE('',(#4855),#4851,.T.);
#4851=PLANE('',#4852);
#4852=AXIS2_PLACEMENT_3D('',#192,#4853,#4854);
#4853=DIRECTION('',(-0.10461077588428627,-0.9945132405196463,-0));
#4854=DIRECTION('',(0,0,-1));
#4855=FACE_BOUND('',#4856,.T.);
#4856=EDGE_LOOP('',(#4857,#4858,#4859));
#4857=ORIENTED_EDGE('',*,*,#4860,.T.);
#4858=ORIENTED_EDGE('',*,*,#4861,.T.);
#4859=ORIENTED_EDGE('',*,*,#4862,.T.);
#4860=EDGE_CURVE('',#193,#135,#4863,.F.);
#4861=EDGE_CURVE('',#135,#133,#4864,.T.);
#4862=EDGE_CURVE('',#133,#193,#4865,.T.);
#4863=LINE('',#192,#4866);
#4864=LINE('',#134,#4867);
#4865=LINE('',#132,#4868);
#4866=VECTOR('',#4869,1.0);
#4867=VECTOR('',#4870,1.0);
#4868=VECTOR('',#4871,1.0);
#4869=DIRECTION('',(0,0,-1));
#4870=DIRECTION('',(0.9945132405196463,-0.10461077588428627,0));
#4871=DIRECTION('',(-0.14131084092613644,0.014864192961795024,0.9898536770676476));
#4872=FACE_SURFACE('',(#4877),#4873,.T.);
#4873=PLANE('',#4874);
#4874=AXIS2_PLACEMENT_3D('',#192,#4875,#4876);
#4875=DIRECTION('',(-0.10460865936340943,-0.9945134631497438,3.0549622502686364E-07));
#4876=DIRECTION('',(0.14131084092613644,-0.014864192961795024,-0.9898536770676476));
#4877=FACE_BOUND('',#4878,.T.);
#4878=EDGE_LOOP('',(#4879,#4880,#4881));
#4879=ORIENTED_EDGE('',*,*,#4882,.T.);
#4880=ORIENTED_EDGE('',*,*,#4883,.T.);
#4881=ORIENTED_EDGE('',*,*,#4884,.T.);
#4882=EDGE_CURVE('',#193,#133,#4885,.F.);
#4883=EDGE_CURVE('',#133,#195,#4886,.T.);
#4884=EDGE_CURVE('',#195,#193,#4887,.T.);
#4885=LINE('',#192,#4888);
#4886=LINE('',#132,#4889);
#4887=LINE('',#194,#4890);
#4888=VECTOR('',#4891,1.0);
#4889=VECTOR('',#4892,1.0);
#4890=VECTOR('',#4893,1.0);
#4891=DIRECTION('',(0.14131084092613644,-0.014864192961795024,-0.9898536770676476));
#4892=DIRECTION('',(0.09802253105167132,-0.010310269224058762,0.9951307862561339));
#4893=DIRECTION('',(-0.9945134631497903,0.10460865936341432,0));
#4894=FACE_SURFACE('',(#4899),#4895,.T.);
#4895=PLANE('',#4896);
#4896=AXIS2_PLACEMENT_3D('',#34,#4897,#4898);
#4897=DIRECTION('',(0.9999999945051499,-0.00010483177108259837,0));
#4898=DIRECTION('',(0,0,1));
#4899=FACE_BOUND('',#4900,.T.);
#4900=EDGE_LOOP('',(#4901,#4902,#4903));
#4901=ORIENTED_EDGE('',*,*,#4904,.T.);
#4902=ORIENTED_EDGE('',*,*,#4905,.T.);
#4903=ORIENTED_EDGE('',*,*,#4906,.T.);
#4904=EDGE_CURVE('',#35,#229,#4907,.F.);
#4905=EDGE_CURVE('',#229,#227,#4908,.T.);
#4906=EDGE_CURVE('',#227,#35,#4909,.T.);
#4907=LINE('',#34,#4910);
#4908=LINE('',#228,#4911);
#4909=LINE('',#226,#4912);
#4910=VECTOR('',#4913,1.0);
#4911=VECTOR('',#4914,1.0);
#4912=VECTOR('',#4915,1.0);
#4913=DIRECTION('',(0,0,1));
#4914=DIRECTION('',(-0.00010483177108259837,-0.9999999945051499,0));
#4915=DIRECTION('',(0.00010442161291507902,0.9960874576756193,-0.08837287908316538));
#4916=FACE_SURFACE('',(#4921),#4917,.T.);
#4917=PLANE('',#4918);
#4918=AXIS2_PLACEMENT_3D('',#34,#4919,#4920);
#4919=DIRECTION('',(0.9999999945020597,-0.00010486073711823759,-3.2648823282488547E-07));
#4920=DIRECTION('',(-0.00010442161291507902,-0.9960874576756193,0.08837287908316538));
#4921=FACE_BOUND('',#4922,.T.);
#4922=EDGE_LOOP('',(#4923,#4924,#4925));
#4923=ORIENTED_EDGE('',*,*,#4926,.T.);
#4924=ORIENTED_EDGE('',*,*,#4927,.T.);
#4925=ORIENTED_EDGE('',*,*,#4928,.T.);
#4926=EDGE_CURVE('',#35,#227,#4929,.F.);
#4927=EDGE_CURVE('',#227,#37,#4930,.T.);
#4928=EDGE_CURVE('',#37,#35,#4931,.T.);
#4929=LINE('',#34,#4932);
#4930=LINE('',#226,#4933);
#4931=LINE('',#36,#4934);
#4932=VECTOR('',#4935,1.0);
#4933=VECTOR('',#4936,1.0);
#4934=VECTOR('',#4937,1.0);
#4935=DIRECTION('',(-0.00010442161291507902,-0.9960874576756193,0.08837287908316538));
#4936=DIRECTION('',(-0.00010458939554901204,-0.9971786391764548,-0.07506497606242357));
#4937=DIRECTION('',(0.00010486073711824318,0.9999999945021129,0));
#4938=FACE_SURFACE('',(#4943),#4939,.T.);
#4939=PLANE('',#4940);
#4940=AXIS2_PLACEMENT_3D('',#224,#4941,#4942);
#4941=DIRECTION('',(0.9999999944967415,-0.00010491194949589735,0));
#4942=DIRECTION('',(0,0,-1));
#4943=FACE_BOUND('',#4944,.T.);
#4944=EDGE_LOOP('',(#4945,#4946,#4947));
#4945=ORIENTED_EDGE('',*,*,#4948,.T.);
#4946=ORIENTED_EDGE('',*,*,#4949,.T.);
#4947=ORIENTED_EDGE('',*,*,#4950,.T.);
#4948=EDGE_CURVE('',#225,#39,#4951,.F.);
#4949=EDGE_CURVE('',#39,#37,#4952,.T.);
#4950=EDGE_CURVE('',#37,#225,#4953,.T.);
#4951=LINE('',#224,#4954);
#4952=LINE('',#38,#4955);
#4953=LINE('',#36,#4956);
#4954=VECTOR('',#4957,1.0);
#4955=VECTOR('',#4958,1.0);
#4956=VECTOR('',#4959,1.0);
#4957=DIRECTION('',(0,0,-1));
#4958=DIRECTION('',(0.00010491194949589735,0.9999999944967415,0));
#4959=DIRECTION('',(-0.00010477072332955687,-0.9986538545551821,0.05186971954013853));
#4960=FACE_SURFACE('',(#4965),#4961,.T.);
#4961=PLANE('',#4962);
#4962=AXIS2_PLACEMENT_3D('',#224,#4963,#4964);
#4963=DIRECTION('',(0.9999999944978603,-0.00010490107498272142,2.093682925809577E-07));
#4964=DIRECTION('',(0.00010477072332955687,0.9986538545551821,-0.05186971954013853));
#4965=FACE_BOUND('',#4966,.T.);
#4966=EDGE_LOOP('',(#4967,#4968,#4969));
#4967=ORIENTED_EDGE('',*,*,#4970,.T.);
#4968=ORIENTED_EDGE('',*,*,#4971,.T.);
#4969=ORIENTED_EDGE('',*,*,#4972,.T.);
#4970=EDGE_CURVE('',#225,#37,#4973,.F.);
#4971=EDGE_CURVE('',#37,#227,#4974,.T.);
#4972=EDGE_CURVE('',#227,#225,#4975,.T.);
#4973=LINE('',#224,#4976);
#4974=LINE('',#36,#4977);
#4975=LINE('',#226,#4978);
#4976=VECTOR('',#4979,1.0);
#4977=VECTOR('',#4980,1.0);
#4978=VECTOR('',#4981,1.0);
#4979=DIRECTION('',(0.00010477072332955687,0.9986538545551821,-0.05186971954013853));
#4980=DIRECTION('',(0.00010458939554901204,0.9971786391764548,0.07506497606242357));
#4981=DIRECTION('',(-0.00010490107498272372,-0.9999999944978821,0));
#4982=FACE_SURFACE('',(#4987),#4983,.T.);
#4983=PLANE('',#4984);
#4984=AXIS2_PLACEMENT_3D('',#228,#4985,#4986);
#4985=DIRECTION('',(0.990239816785835,0.13937397623644152,0));
#4986=DIRECTION('',(0,0,-1));
#4987=FACE_BOUND('',#4988,.T.);
#4988=EDGE_LOOP('',(#4989,#4990,#4991));
#4989=ORIENTED_EDGE('',*,*,#4992,.T.);
#4990=ORIENTED_EDGE('',*,*,#4993,.T.);
#4991=ORIENTED_EDGE('',*,*,#4994,.T.);
#4992=EDGE_CURVE('',#229,#35,#4995,.F.);
#4993=EDGE_CURVE('',#35,#51,#4996,.T.);
#4994=EDGE_CURVE('',#51,#229,#4997,.T.);
#4995=LINE('',#228,#4998);
#4996=LINE('',#34,#4999);
#4997=LINE('',#50,#5000);
#4998=VECTOR('',#5001,1.0);
#4999=VECTOR('',#5002,1.0);
#5000=VECTOR('',#5003,1.0);
#5001=DIRECTION('',(0,0,-1));
#5002=DIRECTION('',(-0.13937397623644152,0.990239816785835,0));
#5003=DIRECTION('',(0.027321039298559013,-0.19411357614930325,0.9805985316969302));
#5004=FACE_SURFACE('',(#5009),#5005,.T.);
#5005=PLANE('',#5006);
#5006=AXIS2_PLACEMENT_3D('',#228,#5007,#5008);
#5007=DIRECTION('',(0.9902400453125132,0.1393723525645039,-3.277797613142601E-07));
#5008=DIRECTION('',(-0.027321039298559013,0.19411357614930325,-0.9805985316969302));
#5009=FACE_BOUND('',#5010,.T.);
#5010=EDGE_LOOP('',(#5011,#5012,#5013));
#5011=ORIENTED_EDGE('',*,*,#5014,.T.);
#5012=ORIENTED_EDGE('',*,*,#5015,.T.);
#5013=ORIENTED_EDGE('',*,*,#5016,.T.);
#5014=EDGE_CURVE('',#229,#51,#5017,.F.);
#5015=EDGE_CURVE('',#51,#231,#5018,.T.);
#5016=EDGE_CURVE('',#231,#229,#5019,.T.);
#5017=LINE('',#228,#5020);
#5018=LINE('',#50,#5021);
#5019=LINE('',#230,#5022);
#5020=VECTOR('',#5023,1.0);
#5021=VECTOR('',#5024,1.0);
#5022=VECTOR('',#5025,1.0);
#5023=DIRECTION('',(-0.027321039298559013,0.19411357614930325,-0.9805985316969302));
#5024=DIRECTION('',(0.014985446479317769,-0.1064692031670706,0.9942030703889344));
#5025=DIRECTION('',(0.1393723525645114,-0.9902400453125664,0));
#5026=FACE_SURFACE('',(#5031),#5027,.T.);
#5027=PLANE('',#5028);
#5028=AXIS2_PLACEMENT_3D('',#272,#5029,#5030);
#5029=DIRECTION('',(-0.9142217434834025,0.40521426892715395,0));
#5030=DIRECTION('',(0,0,-1));
#5031=FACE_BOUND('',#5032,.T.);
#5032=EDGE_LOOP('',(#5033,#5034,#5035));
#5033=ORIENTED_EDGE('',*,*,#5036,.T.);
#5034=ORIENTED_EDGE('',*,*,#5037,.T.);
#5035=ORIENTED_EDGE('',*,*,#5038,.T.);
#5036=EDGE_CURVE('',#273,#95,#5039,.F.);
#5037=EDGE_CURVE('',#95,#93,#5040,.T.);
#5038=EDGE_CURVE('',#93,#273,#5041,.T.);
#5039=LINE('',#272,#5042);
#5040=LINE('',#94,#5043);
#5041=LINE('',#92,#5044);
#5042=VECTOR('',#5045,1.0);
#5043=VECTOR('',#5046,1.0);
#5044=VECTOR('',#5047,1.0);
#5045=DIRECTION('',(0,0,-1));
#5046=DIRECTION('',(-0.40521426892715395,-0.9142217434834025,0));
#5047=DIRECTION('',(0.06331851357331045,0.14285568478876995,0.9877160620149892));
#5048=FACE_SURFACE('',(#5053),#5049,.T.);
#5049=PLANE('',#5050);
#5050=AXIS2_PLACEMENT_3D('',#272,#5051,#5052);
#5051=DIRECTION('',(-0.9142217675318112,0.40521421467047636,9.388917201761753E-09));
#5052=DIRECTION('',(-0.06331851357331045,-0.14285568478876995,-0.9877160620149892));
#5053=FACE_BOUND('',#5054,.T.);
#5054=EDGE_LOOP('',(#5055,#5056,#5057));
#5055=ORIENTED_EDGE('',*,*,#5058,.T.);
#5056=ORIENTED_EDGE('',*,*,#5059,.T.);
#5057=ORIENTED_EDGE('',*,*,#5060,.T.);
#5058=EDGE_CURVE('',#273,#93,#5061,.F.);
#5059=EDGE_CURVE('',#93,#155,#5062,.T.);
#5060=EDGE_CURVE('',#155,#273,#5063,.T.);
#5061=LINE('',#272,#5064);
#5062=LINE('',#92,#5065);
#5063=LINE('',#154,#5066);
#5064=VECTOR('',#5067,1.0);
#5065=VECTOR('',#5068,1.0);
#5066=VECTOR('',#5069,1.0);
#5067=DIRECTION('',(-0.06331851357331045,-0.14285568478876995,-0.9877160620149892));
#5068=DIRECTION('',(-0.0439702387102718,-0.09920322937996638,0.994095235572703));
#5069=DIRECTION('',(0.40521421467047636,0.9142217675318112,0));
#5070=FACE_SURFACE('',(#5075),#5071,.T.);
#5071=PLANE('',#5072);
#5072=AXIS2_PLACEMENT_3D('',#104,#5073,#5074);
#5073=DIRECTION('',(-1,0,0));
#5074=DIRECTION('',(0,-1,0));
#5075=FACE_BOUND('',#5076,.T.);
#5076=EDGE_LOOP('',(#5077,#5078,#5079));
#5077=ORIENTED_EDGE('',*,*,#5080,.T.);
#5078=ORIENTED_EDGE('',*,*,#5081,.T.);
#5079=ORIENTED_EDGE('',*,*,#5082,.T.);
#5080=EDGE_CURVE('',#105,#111,#5083,.F.);
#5081=EDGE_CURVE('',#111,#169,#5084,.T.);
#5082=EDGE_CURVE('',#169,#105,#5085,.T.);
#5083=LINE('',#104,#5086);
#5084=LINE('',#110,#5087);
#5085=LINE('',#168,#5088);
#5086=VECTOR('',#5089,1.0);
#5087=VECTOR('',#5090,1.0);
#5088=VECTOR('',#5091,1.0);
#5089=DIRECTION('',(0,-1,0));
#5090=DIRECTION('',(0,0,1));
#5091=DIRECTION('',(0,0.2185841626275465,-0.9758180997749603));
#5092=FACE_SURFACE('',(#5097),#5093,.T.);
#5093=PLANE('',#5094);
#5094=AXIS2_PLACEMENT_3D('',#104,#5095,#5096);
#5095=DIRECTION('',(-1,0,0));
#5096=DIRECTION('',(0,-0.2185841626275465,0.9758180997749603));
#5097=FACE_BOUND('',#5098,.T.);
#5098=EDGE_LOOP('',(#5099,#5100,#5101));
#5099=ORIENTED_EDGE('',*,*,#5102,.T.);
#5100=ORIENTED_EDGE('',*,*,#5103,.T.);
#5101=ORIENTED_EDGE('',*,*,#5104,.T.);
#5102=EDGE_CURVE('',#105,#169,#5105,.F.);
#5103=EDGE_CURVE('',#169,#167,#5106,.T.);
#5104=EDGE_CURVE('',#167,#105,#5107,.T.);
#5105=LINE('',#104,#5108);
#5106=LINE('',#168,#5109);
#5107=LINE('',#166,#5110);
#5108=VECTOR('',#5111,1.0);
#5109=VECTOR('',#5112,1.0);
#5110=VECTOR('',#5113,1.0);
#5111=DIRECTION('',(0,-0.2185841626275465,0.9758180997749603));
#5112=DIRECTION('',(0,1,0));
#5113=DIRECTION('',(0,0.120301397101359,-0.9927374143525877));
#5114=FACE_SURFACE('',(#5119),#5115,.T.);
#5115=PLANE('',#5116);
#5116=AXIS2_PLACEMENT_3D('',#180,#5117,#5118);
#5117=DIRECTION('',(-0.6828522112248939,-0.7305565396499252,-0));
#5118=DIRECTION('',(0,0,-1));
#5119=FACE_BOUND('',#5120,.T.);
#5120=EDGE_LOOP('',(#5121,#5122,#5123));
#5121=ORIENTED_EDGE('',*,*,#5124,.T.);
#5122=ORIENTED_EDGE('',*,*,#5125,.T.);
#5123=ORIENTED_EDGE('',*,*,#5126,.T.);
#5124=EDGE_CURVE('',#181,#123,#5127,.F.);
#5125=EDGE_CURVE('',#123,#121,#5128,.T.);
#5126=EDGE_CURVE('',#121,#181,#5129,.T.);
#5127=LINE('',#180,#5130);
#5128=LINE('',#122,#5131);
#5129=LINE('',#120,#5132);
#5130=VECTOR('',#5133,1.0);
#5131=VECTOR('',#5134,1.0);
#5132=VECTOR('',#5135,1.0);
#5133=DIRECTION('',(0,0,-1));
#5134=DIRECTION('',(0.7305565396499252,-0.6828522112248939,0));
#5135=DIRECTION('',(-0.10062286374266323,0.09405233034993314,0.9904691809682785));
#5136=FACE_SURFACE('',(#5141),#5137,.T.);
#5137=PLANE('',#5138);
#5138=AXIS2_PLACEMENT_3D('',#180,#5139,#5140);
#5139=DIRECTION('',(-0.6828530401457655,-0.7305557648555383,-1.577834147114949E-07));
#5140=DIRECTION('',(0.10062286374266323,-0.09405233034993314,-0.9904691809682785));
#5141=FACE_BOUND('',#5142,.T.);
#5142=EDGE_LOOP('',(#5143,#5144,#5145));
#5143=ORIENTED_EDGE('',*,*,#5146,.T.);
#5144=ORIENTED_EDGE('',*,*,#5147,.T.);
#5145=ORIENTED_EDGE('',*,*,#5148,.T.);
#5146=EDGE_CURVE('',#181,#121,#5149,.F.);
#5147=EDGE_CURVE('',#121,#183,#5150,.T.);
#5148=EDGE_CURVE('',#183,#181,#5151,.T.);
#5149=LINE('',#180,#5152);
#5150=LINE('',#120,#5153);
#5151=LINE('',#182,#5154);
#5152=VECTOR('',#5155,1.0);
#5153=VECTOR('',#5156,1.0);
#5154=VECTOR('',#5157,1.0);
#5155=DIRECTION('',(0.10062286374266323,-0.09405233034993314,-0.9904691809682785));
#5156=DIRECTION('',(0.06977368591525283,-0.06521792435785344,0.9954286790605609));
#5157=DIRECTION('',(-0.7305557648555475,0.6828530401457741,0));
#5158=FACE_SURFACE('',(#5163),#5159,.T.);
#5159=PLANE('',#5160);
#5160=AXIS2_PLACEMENT_3D('',#234,#5161,#5162);
#5161=DIRECTION('',(0.9142762218574756,0.4050913355602589,-1.6105561003634454E-07));
#5162=DIRECTION('',(0.04395415312037225,-0.09920329966817834,-0.9940959399164733));
#5163=FACE_BOUND('',#5164,.T.);
#5164=EDGE_LOOP('',(#5165,#5166,#5167));
#5165=ORIENTED_EDGE('',*,*,#5168,.T.);
#5166=ORIENTED_EDGE('',*,*,#5169,.T.);
#5167=ORIENTED_EDGE('',*,*,#5170,.T.);
#5168=EDGE_CURVE('',#235,#53,#5171,.F.);
#5169=EDGE_CURVE('',#53,#59,#5172,.T.);
#5170=EDGE_CURVE('',#59,#235,#5173,.T.);
#5171=LINE('',#234,#5174);
#5172=LINE('',#52,#5175);
#5173=LINE('',#58,#5176);
#5174=VECTOR('',#5177,1.0);
#5175=VECTOR('',#5178,1.0);
#5176=VECTOR('',#5179,1.0);
#5177=DIRECTION('',(0.04395415312037225,-0.09920329966817834,-0.9940959399164733));
#5178=DIRECTION('',(-0.4050913355602641,0.9142762218574874,0));
#5179=DIRECTION('',(0.03735578934712554,-0.08431024458272393,0.9957390861368527));
#5180=FACE_SURFACE('',(#5185),#5181,.T.);
#5181=PLANE('',#5182);
#5182=AXIS2_PLACEMENT_3D('',#234,#5183,#5184);
#5183=DIRECTION('',(0.9142755173721477,0.4050929255539911,0));
#5184=DIRECTION('',(-0.03735578934712554,0.08431024458272393,-0.9957390861368527));
#5185=FACE_BOUND('',#5186,.T.);
#5186=EDGE_LOOP('',(#5187,#5188,#5189));
#5187=ORIENTED_EDGE('',*,*,#5190,.T.);
#5188=ORIENTED_EDGE('',*,*,#5191,.T.);
#5189=ORIENTED_EDGE('',*,*,#5192,.T.);
#5190=EDGE_CURVE('',#235,#59,#5193,.F.);
#5191=EDGE_CURVE('',#59,#237,#5194,.T.);
#5192=EDGE_CURVE('',#237,#235,#5195,.T.);
#5193=LINE('',#234,#5196);
#5194=LINE('',#58,#5197);
#5195=LINE('',#236,#5198);
#5196=VECTOR('',#5199,1.0);
#5197=VECTOR('',#5200,1.0);
#5198=VECTOR('',#5201,1.0);
#5199=DIRECTION('',(-0.03735578934712554,0.08431024458272393,-0.9957390861368527));
#5200=DIRECTION('',(0,0,1));
#5201=DIRECTION('',(0.4050929255539911,-0.9142755173721477,0));
#5202=FACE_SURFACE('',(#5207),#5203,.T.);
#5203=PLANE('',#5204);
#5204=AXIS2_PLACEMENT_3D('',#216,#5205,#5206);
#5205=DIRECTION('',(0.914286498429212,-0.4050681409220561,0));
#5206=DIRECTION('',(0,0,-1));
#5207=FACE_BOUND('',#5208,.T.);
#5208=EDGE_LOOP('',(#5209,#5210,#5211));
#5209=ORIENTED_EDGE('',*,*,#5212,.T.);
#5210=ORIENTED_EDGE('',*,*,#5213,.T.);
#5211=ORIENTED_EDGE('',*,*,#5214,.T.);
#5212=EDGE_CURVE('',#217,#47,#5215,.F.);
#5213=EDGE_CURVE('',#47,#45,#5216,.T.);
#5214=EDGE_CURVE('',#45,#217,#5217,.T.);
#5215=LINE('',#216,#5218);
#5216=LINE('',#46,#5219);
#5217=LINE('',#44,#5220);
#5218=VECTOR('',#5221,1.0);
#5219=VECTOR('',#5222,1.0);
#5220=VECTOR('',#5223,1.0);
#5221=DIRECTION('',(0,0,-1));
#5222=DIRECTION('',(0.4050681409220561,0.914286498429212,0));
#5223=DIRECTION('',(-0.06329130619850719,-0.14285593182797104,0.9877177700645305));
#5224=FACE_SURFACE('',(#5229),#5225,.T.);
#5225=PLANE('',#5226);
#5226=AXIS2_PLACEMENT_3D('',#216,#5227,#5228);
#5227=DIRECTION('',(0.9142865102765575,-0.4050681141812007,4.626750599906884E-09));
#5228=DIRECTION('',(0.06329130619850719,0.14285593182797104,-0.9877177700645305));
#5229=FACE_BOUND('',#5230,.T.);
#5230=EDGE_LOOP('',(#5231,#5232,#5233));
#5231=ORIENTED_EDGE('',*,*,#5234,.T.);
#5232=ORIENTED_EDGE('',*,*,#5235,.T.);
#5233=ORIENTED_EDGE('',*,*,#5236,.T.);
#5234=EDGE_CURVE('',#217,#45,#5237,.F.);
#5235=EDGE_CURVE('',#45,#219,#5238,.T.);
#5236=EDGE_CURVE('',#219,#217,#5239,.T.);
#5237=LINE('',#216,#5240);
#5238=LINE('',#44,#5241);
#5239=LINE('',#218,#5242);
#5240=VECTOR('',#5243,1.0);
#5241=VECTOR('',#5244,1.0);
#5242=VECTOR('',#5245,1.0);
#5243=DIRECTION('',(0.06329130619850719,0.14285593182797104,-0.9877177700645305));
#5244=DIRECTION('',(0.0439513144833116,0.09920331206932108,0.9940960641857839));
#5245=DIRECTION('',(-0.4050681141812007,-0.9142865102765575,0));
#5246=FACE_SURFACE('',(#5251),#5247,.T.);
#5247=PLANE('',#5248);
#5248=AXIS2_PLACEMENT_3D('',#172,#5249,#5250);
#5249=DIRECTION('',(-0.936564101209042,-0.35049633996163115,-0));
#5250=DIRECTION('',(0,0,-1));
#5251=FACE_BOUND('',#5252,.T.);
#5252=EDGE_LOOP('',(#5253,#5254,#5255));
#5253=ORIENTED_EDGE('',*,*,#5256,.T.);
#5254=ORIENTED_EDGE('',*,*,#5257,.T.);
#5255=ORIENTED_EDGE('',*,*,#5258,.T.);
#5256=EDGE_CURVE('',#173,#115,#5259,.F.);
#5257=EDGE_CURVE('',#115,#113,#5260,.T.);
#5258=EDGE_CURVE('',#113,#173,#5261,.T.);
#5259=LINE('',#172,#5262);
#5260=LINE('',#114,#5263);
#5261=LINE('',#112,#5264);
#5262=VECTOR('',#5265,1.0);
#5263=VECTOR('',#5266,1.0);
#5264=VECTOR('',#5267,1.0);
#5265=DIRECTION('',(0,0,-1));
#5266=DIRECTION('',(0.35049633996163115,-0.936564101209042,0));
#5267=DIRECTION('',(-0.047009064102905423,0.12561329991358966,0.9909649069351485));
#5268=FACE_SURFACE('',(#5273),#5269,.T.);
#5269=PLANE('',#5270);
#5270=AXIS2_PLACEMENT_3D('',#172,#5271,#5272);
#5271=DIRECTION('',(-0.9365667906414261,-0.3504891534221004,-1.0385359133958194E-06));
#5272=DIRECTION('',(0.047009064102905423,-0.12561329991358966,-0.9909649069351485));
#5273=FACE_BOUND('',#5274,.T.);
#5274=EDGE_LOOP('',(#5275,#5276,#5277));
#5275=ORIENTED_EDGE('',*,*,#5278,.T.);
#5276=ORIENTED_EDGE('',*,*,#5279,.T.);
#5277=ORIENTED_EDGE('',*,*,#5280,.T.);
#5278=EDGE_CURVE('',#173,#113,#5281,.F.);
#5279=EDGE_CURVE('',#113,#175,#5282,.T.);
#5280=EDGE_CURVE('',#175,#173,#5283,.T.);
#5281=LINE('',#172,#5284);
#5282=LINE('',#112,#5285);
#5283=LINE('',#174,#5286);
#5284=VECTOR('',#5287,1.0);
#5285=VECTOR('',#5288,1.0);
#5286=VECTOR('',#5289,1.0);
#5287=DIRECTION('',(0.047009064102905423,-0.12561329991358966,-0.9909649069351485));
#5288=DIRECTION('',(0.03258830803558186,-0.08708446697433811,0.9956677647645189));
#5289=DIRECTION('',(-0.35048915342228937,0.9365667906419312,0));
#5290=FACE_SURFACE('',(#5295),#5291,.T.);
#5291=PLANE('',#5292);
#5292=AXIS2_PLACEMENT_3D('',#178,#5293,#5294);
#5293=DIRECTION('',(-0.8299249133879009,-0.5578751098029598,-6.485912513082313E-07));
#5294=DIRECTION('',(-0.05250127734298396,0.07810487150013984,-0.9955617735355761));
#5295=FACE_BOUND('',#5296,.T.);
#5296=EDGE_LOOP('',(#5297,#5298,#5299));
#5297=ORIENTED_EDGE('',*,*,#5300,.T.);
#5298=ORIENTED_EDGE('',*,*,#5301,.T.);
#5299=ORIENTED_EDGE('',*,*,#5302,.T.);
#5300=EDGE_CURVE('',#179,#117,#5303,.F.);
#5301=EDGE_CURVE('',#117,#123,#5304,.T.);
#5302=EDGE_CURVE('',#123,#179,#5305,.T.);
#5303=LINE('',#178,#5306);
#5304=LINE('',#116,#5307);
#5305=LINE('',#122,#5308);
#5306=VECTOR('',#5309,1.0);
#5307=VECTOR('',#5310,1.0);
#5308=VECTOR('',#5311,1.0);
#5309=DIRECTION('',(-0.05250127734298396,0.07810487150013984,-0.9955617735355761));
#5310=DIRECTION('',(0.5578751098030772,-0.8299249133880754,0));
#5311=DIRECTION('',(-0.04460221232058136,0.06635148267337194,0.9967989383035855));
#5312=FACE_SURFACE('',(#5317),#5313,.T.);
#5313=PLANE('',#5314);
#5314=AXIS2_PLACEMENT_3D('',#178,#5315,#5316);
#5315=DIRECTION('',(-0.8299204020636517,-0.5578818210324719,0));
#5316=DIRECTION('',(0.04460221232058136,-0.06635148267337194,-0.9967989383035855));
#5317=FACE_BOUND('',#5318,.T.);
#5318=EDGE_LOOP('',(#5319,#5320,#5321));
#5319=ORIENTED_EDGE('',*,*,#5322,.T.);
#5320=ORIENTED_EDGE('',*,*,#5323,.T.);
#5321=ORIENTED_EDGE('',*,*,#5324,.T.);
#5322=EDGE_CURVE('',#179,#123,#5325,.F.);
#5323=EDGE_CURVE('',#123,#181,#5326,.T.);
#5324=EDGE_CURVE('',#181,#179,#5327,.T.);
#5325=LINE('',#178,#5328);
#5326=LINE('',#122,#5329);
#5327=LINE('',#180,#5330);
#5328=VECTOR('',#5331,1.0);
#5329=VECTOR('',#5332,1.0);
#5330=VECTOR('',#5333,1.0);
#5331=DIRECTION('',(0.04460221232058136,-0.06635148267337194,-0.9967989383035855));
#5332=DIRECTION('',(0,0,1));
#5333=DIRECTION('',(-0.5578818210324719,0.8299204020636517,0));
#5334=FACE_SURFACE('',(#5339),#5335,.T.);
#5335=PLANE('',#5336);
#5336=AXIS2_PLACEMENT_3D('',#188,#5337,#5338);
#5337=DIRECTION('',(-0.3109110664529866,-0.9504390084361367,-0));
#5338=DIRECTION('',(0,0,-1));
#5339=FACE_BOUND('',#5340,.T.);
#5340=EDGE_LOOP('',(#5341,#5342,#5343));
#5341=ORIENTED_EDGE('',*,*,#5344,.T.);
#5342=ORIENTED_EDGE('',*,*,#5345,.T.);
#5343=ORIENTED_EDGE('',*,*,#5346,.T.);
#5344=EDGE_CURVE('',#189,#131,#5347,.F.);
#5345=EDGE_CURVE('',#131,#129,#5348,.T.);
#5346=EDGE_CURVE('',#129,#189,#5349,.T.);
#5347=LINE('',#188,#5350);
#5348=LINE('',#130,#5351);
#5349=LINE('',#128,#5352);
#5350=VECTOR('',#5353,1.0);
#5351=VECTOR('',#5354,1.0);
#5352=VECTOR('',#5355,1.0);
#5353=DIRECTION('',(0,0,-1));
#5354=DIRECTION('',(0.9504390084361367,-0.3109110664529866,0));
#5355=DIRECTION('',(-0.1342499891985364,0.04391634491275567,0.9899738860443222));
#5356=FACE_SURFACE('',(#5361),#5357,.T.);
#5357=PLANE('',#5358);
#5358=AXIS2_PLACEMENT_3D('',#188,#5359,#5360);
#5359=DIRECTION('',(-0.310907202432241,-0.9504402724397893,5.800710219042987E-07));
#5360=DIRECTION('',(0.1342499891985364,-0.04391634491275567,-0.9899738860443222));
#5361=FACE_BOUND('',#5362,.T.);
#5362=EDGE_LOOP('',(#5363,#5364,#5365));
#5363=ORIENTED_EDGE('',*,*,#5366,.T.);
#5364=ORIENTED_EDGE('',*,*,#5367,.T.);
#5365=ORIENTED_EDGE('',*,*,#5368,.T.);
#5366=EDGE_CURVE('',#189,#129,#5369,.F.);
#5367=EDGE_CURVE('',#129,#191,#5370,.T.);
#5368=EDGE_CURVE('',#191,#189,#5371,.T.);
#5369=LINE('',#188,#5372);
#5370=LINE('',#128,#5373);
#5371=LINE('',#190,#5374);
#5372=VECTOR('',#5375,1.0);
#5373=VECTOR('',#5376,1.0);
#5374=VECTOR('',#5377,1.0);
#5375=DIRECTION('',(0.1342499891985364,-0.04391634491275567,-0.9899738860443222));
#5376=DIRECTION('',(0.0931176997861548,-0.030459974284109674,0.9951890694501958));
#5377=DIRECTION('',(-0.9504402724399493,0.31090720243229336,0));
#5378=FACE_SURFACE('',(#5383),#5379,.T.);
#5379=PLANE('',#5380);
#5380=AXIS2_PLACEMENT_3D('',#162,#5381,#5382);
#5381=DIRECTION('',(-0.9999999473861553,0.0003243879065815974,-4.1568240690972606E-07));
#5382=DIRECTION('',(0.0003234866008235848,0.9971243563396467,-0.07578201205209813));
#5383=FACE_BOUND('',#5384,.T.);
#5384=EDGE_LOOP('',(#5385,#5386,#5387));
#5385=ORIENTED_EDGE('',*,*,#5388,.T.);
#5386=ORIENTED_EDGE('',*,*,#5389,.T.);
#5387=ORIENTED_EDGE('',*,*,#5390,.T.);
#5388=EDGE_CURVE('',#163,#101,#5391,.F.);
#5389=EDGE_CURVE('',#101,#107,#5392,.T.);
#5390=EDGE_CURVE('',#107,#163,#5393,.T.);
#5391=LINE('',#162,#5394);
#5392=LINE('',#100,#5395);
#5393=LINE('',#106,#5396);
#5394=VECTOR('',#5397,1.0);
#5395=VECTOR('',#5398,1.0);
#5396=VECTOR('',#5399,1.0);
#5397=DIRECTION('',(0.0003234866008235848,0.9971243563396467,-0.07578201205209813));
#5398=DIRECTION('',(-0.0003243879065816254,-0.9999999473862416,0));
#5399=DIRECTION('',(0.0003230572835712665,0.9960123210750872,0.0892151999415392));
#5400=FACE_SURFACE('',(#5405),#5401,.T.);
#5401=PLANE('',#5402);
#5402=AXIS2_PLACEMENT_3D('',#162,#5403,#5404);
#5403=DIRECTION('',(-0.9999999473983191,0.0003243506729205971,0));
#5404=DIRECTION('',(-0.0003230572835712665,-0.9960123210750872,-0.0892151999415392));
#5405=FACE_BOUND('',#5406,.T.);
#5406=EDGE_LOOP('',(#5407,#5408,#5409));
#5407=ORIENTED_EDGE('',*,*,#5410,.T.);
#5408=ORIENTED_EDGE('',*,*,#5411,.T.);
#5409=ORIENTED_EDGE('',*,*,#5412,.T.);
#5410=EDGE_CURVE('',#163,#107,#5413,.F.);
#5411=EDGE_CURVE('',#107,#165,#5414,.T.);
#5412=EDGE_CURVE('',#165,#163,#5415,.T.);
#5413=LINE('',#162,#5416);
#5414=LINE('',#106,#5417);
#5415=LINE('',#164,#5418);
#5416=VECTOR('',#5419,1.0);
#5417=VECTOR('',#5420,1.0);
#5418=VECTOR('',#5421,1.0);
#5419=DIRECTION('',(-0.0003230572835712665,-0.9960123210750872,-0.0892151999415392));
#5420=DIRECTION('',(0,0,1));
#5421=DIRECTION('',(0.0003243506729205971,0.9999999473983191,0));
#5422=FACE_SURFACE('',(#5427),#5423,.T.);
#5423=PLANE('',#5424);
#5424=AXIS2_PLACEMENT_3D('',#258,#5425,#5426);
#5425=DIRECTION('',(-0.12213948708224565,0.9925129448502344,-3.6281058117017077E-08));
#5426=DIRECTION('',(0.11381482381388727,0.01400611269947817,-0.9934032487803045));
#5427=FACE_BOUND('',#5428,.T.);
#5428=EDGE_LOOP('',(#5429,#5430,#5431));
#5429=ORIENTED_EDGE('',*,*,#5432,.T.);
#5430=ORIENTED_EDGE('',*,*,#5433,.T.);
#5431=ORIENTED_EDGE('',*,*,#5434,.T.);
#5432=EDGE_CURVE('',#259,#77,#5435,.F.);
#5433=EDGE_CURVE('',#77,#83,#5436,.T.);
#5434=EDGE_CURVE('',#83,#259,#5437,.T.);
#5435=LINE('',#258,#5438);
#5436=LINE('',#76,#5439);
#5437=LINE('',#82,#5440);
#5438=VECTOR('',#5441,1.0);
#5439=VECTOR('',#5442,1.0);
#5440=VECTOR('',#5443,1.0);
#5441=DIRECTION('',(0.11381482381388727,0.01400611269947817,-0.9934032487803045));
#5442=DIRECTION('',(-0.9925129448502351,-0.12213948708224572,0));
#5443=DIRECTION('',(0.09674793700652894,0.01190591978858563,0.995237703143811));
#5444=FACE_SURFACE('',(#5449),#5445,.T.);
#5445=PLANE('',#5446);
#5446=AXIS2_PLACEMENT_3D('',#258,#5447,#5448);
#5447=DIRECTION('',(-0.1221398547346255,0.9925128996065514,0));
#5448=DIRECTION('',(-0.09674793700652894,-0.01190591978858563,-0.995237703143811));
#5449=FACE_BOUND('',#5450,.T.);
#5450=EDGE_LOOP('',(#5451,#5452,#5453));
#5451=ORIENTED_EDGE('',*,*,#5454,.T.);
#5452=ORIENTED_EDGE('',*,*,#5455,.T.);
#5453=ORIENTED_EDGE('',*,*,#5456,.T.);
#5454=EDGE_CURVE('',#259,#83,#5457,.F.);
#5455=EDGE_CURVE('',#83,#261,#5458,.T.);
#5456=EDGE_CURVE('',#261,#259,#5459,.T.);
#5457=LINE('',#258,#5460);
#5458=LINE('',#82,#5461);
#5459=LINE('',#260,#5462);
#5460=VECTOR('',#5463,1.0);
#5461=VECTOR('',#5464,1.0);
#5462=VECTOR('',#5465,1.0);
#5463=DIRECTION('',(-0.09674793700652894,-0.01190591978858563,-0.995237703143811));
#5464=DIRECTION('',(0,0,1));
#5465=DIRECTION('',(0.9925128996065514,0.1221398547346255,0));
ENDSEC;
END-ISO-10303-21;
